Ac-cent-tchu-ate The Positive,Anthologie des Grilles de Jazz,10
Achin Hearted Blues,Anthologie des Grilles de Jazz,11
After Youve Gone,Anthologie des Grilles de Jazz,13
Afternoon In Paris,Anthologie des Grilles de Jazz,12
Again,Anthologie des Grilles de Jazz,14
Aggravatin Papa,Anthologie des Grilles de Jazz,15
Ah-Leu-Cha,Anthologie des Grilles de Jazz,14
Ain't Cha Glad,Anthologie des Grilles de Jazz,16
Ain't Misbehavin,Anthologie des Grilles de Jazz,17
Ain't She Sweet,Anthologie des Grilles de Jazz,18
Air Mail Special,Anthologie des Grilles de Jazz,19
Alabama Jubilee,Anthologie des Grilles de Jazz,20
Alabamy Bound,Anthologie des Grilles de Jazz,21
Alexanders Ragtime Band,Anthologie des Grilles de Jazz,22
Alice Blue Gown,Anthologie des Grilles de Jazz,23
All Alone,Anthologie des Grilles de Jazz,23
All Gods Chillun Got Rhythm,Anthologie des Grilles de Jazz,25
All I Do Is Dream Of You,Anthologie des Grilles de Jazz,25
All My Life,Anthologie des Grilles de Jazz,26
All Of Me,Anthologie des Grilles de Jazz,26
All Of You,Anthologie des Grilles de Jazz,27
All Or Nothing At All,Anthologie des Grilles de Jazz,27
All That Meat And No Potatoes,Anthologie des Grilles de Jazz,28
All The Things You Are,Anthologie des Grilles de Jazz,28
All Through The Night,Anthologie des Grilles de Jazz,29
All Too Soon,Anthologie des Grilles de Jazz,30
Alligator Crawl,Anthologie des Grilles de Jazz,24
Almost Like Being In Love,Anthologie des Grilles de Jazz,30
Alone,Anthologie des Grilles de Jazz,31
Alone Together,Anthologie des Grilles de Jazz,31
Alright Okay You Win,Anthologie des Grilles de Jazz,32
Always,Anthologie des Grilles de Jazz,32
Am I Blue,Anthologie des Grilles de Jazz,36
Amapola,Anthologie des Grilles de Jazz,33
American Patrol,Anthologie des Grilles de Jazz,34
Among My Souvenirs,Anthologie des Grilles de Jazz,35
Anchors Aweigh,Anthologie des Grilles de Jazz,35
And The Angels Sing,Anthologie des Grilles de Jazz,37
Angel Eyes,Anthologie des Grilles de Jazz,37
Angry,Anthologie des Grilles de Jazz,38
Annie Laurie,Anthologie des Grilles de Jazz,38
Anthropology,Anthologie des Grilles de Jazz,39
Anything Goes,Anthologie des Grilles de Jazz,39
Apex Blues,Anthologie des Grilles de Jazz,40
April In Paris,Anthologie des Grilles de Jazz,40
April Showers,Anthologie des Grilles de Jazz,41
Arkansas Blues,Anthologie des Grilles de Jazz,41
As Long As I Live,Anthologie des Grilles de Jazz,42
As Time Goes By,Anthologie des Grilles de Jazz,43
At A Georgia Camp Meeting,Anthologie des Grilles de Jazz,43
Avalon,Anthologie des Grilles de Jazz,44
Azure,Anthologie des Grilles de Jazz,44
Baby,Anthologie des Grilles de Jazz,45
Baby Brown,Anthologie des Grilles de Jazz,46
Baby Face,Anthologie des Grilles de Jazz,47
Baby It's Cold Outside,Anthologie des Grilles de Jazz,48
Baby Wont You Please Come Home,Anthologie des Grilles de Jazz,46
Back Bay Shuffle,Anthologie des Grilles de Jazz,48
Back Home In Indiana,Anthologie des Grilles de Jazz,49
Back Water Blues,Anthologie des Grilles de Jazz,49
Bags Groove,Anthologie des Grilles de Jazz,50
Ballin' The Jack,Anthologie des Grilles de Jazz,51
Baltimore,Anthologie des Grilles de Jazz,52
Barbados,Anthologie des Grilles de Jazz,53
Basin Street Blues,Anthologie des Grilles de Jazz,53
Battle Hymn Of The Republic,Anthologie des Grilles de Jazz,54
Baubles Bangles And Beads,Anthologie des Grilles de Jazz,54
Be My Love,Anthologie des Grilles de Jazz,63
Beale Street Blues,Anthologie des Grilles de Jazz,55
Beale Street Mama,Anthologie des Grilles de Jazz,56
Beau Koo Jack,Anthologie des Grilles de Jazz,57
Beautiful Love,Anthologie des Grilles de Jazz,58
BeBop,Anthologie des Grilles de Jazz,59
Because Of You,Anthologie des Grilles de Jazz,58
Begin The Beguine,Anthologie des Grilles de Jazz,60
Bei Mir Bist Du Schoen,Anthologie des Grilles de Jazz,61
"Believe It, Beloved",Anthologie des Grilles de Jazz,62
Bemsha Swing,Anthologie des Grilles de Jazz,62
Bernies Tune,Anthologie des Grilles de Jazz,63
Besame Mucho,Anthologie des Grilles de Jazz,64
Besie Couldn't Help It,Anthologie des Grilles de Jazz,64
Best Things In Life Are Free,Anthologie des Grilles de Jazz,65
Between The Devil And The Deep,Anthologie des Grilles de Jazz,65
Bewitched,Anthologie des Grilles de Jazz,66
Beyond The Blue Horizon,Anthologie des Grilles de Jazz,66
Bidenâ€™ My Time,Anthologie des Grilles de Jazz,67
Big Butter And Egg Man,Anthologie des Grilles de Jazz,67
Big Noise From Winnetka,Anthologie des Grilles de Jazz,68
BI'll Bailey,Anthologie des Grilles de Jazz,68
Billie Boy,Anthologie des Grilles de Jazz,69
Billies Bounce,Anthologie des Grilles de Jazz,69
Bird Feathers,Anthologie des Grilles de Jazz,70
Birks Works,Anthologie des Grilles de Jazz,70
Birth Of The Blues,Anthologie des Grilles de Jazz,71
Black And Blue,Anthologie des Grilles de Jazz,72
Black And Tan Fantasy,Anthologie des Grilles de Jazz,73
Black Beauty,Anthologie des Grilles de Jazz,74
Black Bottom,Anthologie des Grilles de Jazz,75
Black Bottom Stomp,Anthologie des Grilles de Jazz,76
Black Coffee,Anthologie des Grilles de Jazz,77
Black Snake Blues,Anthologie des Grilles de Jazz,78
Blame It On The Blues,Anthologie des Grilles de Jazz,79
Blue (And Broken Hearted),Anthologie des Grilles de Jazz,82
Blue Again,Anthologie des Grilles de Jazz,82
Blue And Sentimental,Anthologie des Grilles de Jazz,81
Blue Because Of You,Anthologie des Grilles de Jazz,81
Blue Champagne,Anthologie des Grilles de Jazz,80
Blue Interlude,Anthologie des Grilles de Jazz,83
Blue Lou,Anthologie des Grilles de Jazz,83
Blue Monk,Anthologie des Grilles de Jazz,88
Blue Moon,Anthologie des Grilles de Jazz,88
Blue N' Boogie,Anthologie des Grilles de Jazz,88
Blue Orchids,Anthologie des Grilles de Jazz,84
Blue Prelude,Anthologie des Grilles de Jazz,84
Blue River,Anthologie des Grilles de Jazz,85
Blue Room,Anthologie des Grilles de Jazz,87
Blue Skies,Anthologie des Grilles de Jazz,90
Blue Turning Grey Over You,Anthologie des Grilles de Jazz,86
Blueberry Hill,Anthologie des Grilles de Jazz,80
Blues In My Heart,Anthologie des Grilles de Jazz,89
Blues In The Air,Anthologie des Grilles de Jazz,89
Blues In The Closet,Anthologie des Grilles de Jazz,90
Blues In The Night,Anthologie des Grilles de Jazz,91
Blues March,Anthologie des Grilles de Jazz,92
Blues My Naughty Sweetie,Anthologie des Grilles de Jazz,92
Bluesette,Anthologie des Grilles de Jazz,87
Bluesology,Anthologie des Grilles de Jazz,86
Blue Room,Anthologie des Grilles de Jazz,93
Bluesette,Anthologie des Grilles de Jazz,93
Bluin' The Blues,Anthologie des Grilles de Jazz,95
Body And Soul,Anthologie des Grilles de Jazz,96
Bohemia After Dark,Anthologie des Grilles de Jazz,96
Bouncing With Bud,Anthologie des Grilles de Jazz,97
Bourbon Street Parade,Anthologie des Grilles de Jazz,98
The Breeze And J,Anthologie des Grilles de Jazz,99
Breezin Along With The Breeze,Anthologie des Grilles de Jazz,99
Broadway,Anthologie des Grilles de Jazz,100
Brother Can You Spare A Dime,Anthologie des Grilles de Jazz,100
Brown Sugar,Anthologie des Grilles de Jazz,101
Buddy Boldens Blues,Anthologie des Grilles de Jazz,101
Buddys Habits,Anthologie des Grilles de Jazz,102
Budo,Anthologie des Grilles de Jazz,103
Bugle Boy March,Anthologie des Grilles de Jazz,104
Bugle Call Rag,Anthologie des Grilles de Jazz,103
But Beautiful,Anthologie des Grilles de Jazz,105
But Not For Me,Anthologie des Grilles de Jazz,105
Button Up Your Overcoat,Anthologie des Grilles de Jazz,106
Buzzy,Anthologie des Grilles de Jazz,106
By The Beautiful Sea,Anthologie des Grilles de Jazz,107
By The Light Of The Silvery Moon,Anthologie des Grilles de Jazz,108
By The River SAin'te Marie,Anthologie des Grilles de Jazz,107
By The Waters Of Minnetonka,Anthologie des Grilles de Jazz,109
Bye And Bye,Anthologie des Grilles de Jazz,106
Bye Bye Blackbird,Anthologie des Grilles de Jazz,110
Bye Bye Blues,Anthologie des Grilles de Jazz,110
C Jam Blues,Anthologie des Grilles de Jazz,111
Cakewalking Babies From Home,Anthologie des Grilles de Jazz,112
Caldonia,Anthologie des Grilles de Jazz,113
California Here I Come,Anthologie des Grilles de Jazz,113
Call Me Darling,Anthologie des Grilles de Jazz,114
Call Me Irresponsible,Anthologie des Grilles de Jazz,114
Call Of The Freaks,Anthologie des Grilles de Jazz,115
Camp Meeting Blues,Anthologie des Grilles de Jazz,115
Canadian Capers,Anthologie des Grilles de Jazz,116
Canadian Sunset,Anthologie des Grilles de Jazz,117
Canal Street Blues,Anthologie des Grilles de Jazz,118
Candy,Anthologie des Grilles de Jazz,118
Candy Lips,Anthologie des Grilles de Jazz,119
Cannonball Blues,Anthologie des Grilles de Jazz,120
Cant Help Lovin' Dat Man,Anthologie des Grilles de Jazz,121
Can't We Be Friends,Anthologie des Grilles de Jazz,121
Caravan,Anthologie des Grilles de Jazz,122
Careless Love,Anthologie des Grilles de Jazz,123
Carioca,Anthologie des Grilles de Jazz,125
Carolina In The Morning,Anthologie des Grilles de Jazz,123
Carry Me Back To Old Virginny,Anthologie des Grilles de Jazz,124
Casey Jones,Anthologie des Grilles de Jazz,124
Castle Rock,Anthologie des Grilles de Jazz,124
Cause I'll Be Lowdown,Anthologie des Grilles de Jazz,126
Caution Blues (Blues In Thirds),Anthologie des Grilles de Jazz,126
Celia,Anthologie des Grilles de Jazz,127
Cement Mixer,Anthologie des Grilles de Jazz,127
Cest Si Bon,Anthologie des Grilles de Jazz,128
Champ,Anthologie des Grilles de Jazz,128
Change Partners,Anthologie des Grilles de Jazz,129
Changes,Anthologie des Grilles de Jazz,130
The Chant,Anthologie des Grilles de Jazz,131
Charleston,Anthologie des Grilles de Jazz,132
Charley My Boy,Anthologie des Grilles de Jazz,133
Charmaine,Anthologie des Grilles de Jazz,134
Chasin The Bird,Anthologie des Grilles de Jazz,135
Chasing Shadows,Anthologie des Grilles de Jazz,134
Chattanooga Choo Choo,Anthologie des Grilles de Jazz,136
Chattanooga Stomp,Anthologie des Grilles de Jazz,137
Cheek To Cheek,Anthologie des Grilles de Jazz,138
Chelsea Bridge,Anthologie des Grilles de Jazz,139
Cherokee,Anthologie des Grilles de Jazz,139
Cherry,Anthologie des Grilles de Jazz,140
Cherry Red,Anthologie des Grilles de Jazz,140
Cheryl,Anthologie des Grilles de Jazz,140
Chicago,Anthologie des Grilles de Jazz,143
Chicago Breakdown,Anthologie des Grilles de Jazz,142
Chimes Blues,Anthologie des Grilles de Jazz,144
China Boy,Anthologie des Grilles de Jazz,144
Chloe,Anthologie des Grilles de Jazz,145
Christopher Columbus,Anthologie des Grilles de Jazz,146
Ciribiribin,Anthologie des Grilles de Jazz,146
Clap Hands Here Comes Charley,Anthologie des Grilles de Jazz,111
Clap Hands Here Comes Charley,Anthologie des Grilles de Jazz,147
Clarinet Marmelade,Anthologie des Grilles de Jazz,148
Close Your Eyes,Anthologie des Grilles de Jazz,149
Coal Cart Blues,Anthologie des Grilles de Jazz,150
Cocktails For Two,Anthologie des Grilles de Jazz,151
Come Back Sweet Papa,Anthologie des Grilles de Jazz,152
Come On And Stomp Stomp Stomp,Anthologie des Grilles de Jazz,153
Come Rain Or Come Shine,Anthologie des Grilles de Jazz,154
Come Sunday,Anthologie des Grilles de Jazz,154
Con Alma,Anthologie des Grilles de Jazz,155
Coney Island Washboard,Anthologie des Grilles de Jazz,155
Confirmation,Anthologie des Grilles de Jazz,156
The Continental,Anthologie des Grilles de Jazz,157
Cool Blues,Anthologie des Grilles de Jazz,158
Copenhagen,Anthologie des Grilles de Jazz,158
Corcovado (Quiet Night),Anthologie des Grilles de Jazz,159
Corner Pocket,Anthologie des Grilles de Jazz,160
Cornet Chop Suey,Anthologie des Grilles de Jazz,161
Corrine Corrina,Anthologie des Grilles de Jazz,162
A Cottage For Sale,Anthologie des Grilles de Jazz,162
Cotton Tail,Anthologie des Grilles de Jazz,163
Crazeology,Anthologie des Grilles de Jazz,163
Crazy .............Ye,Anthologie des Grilles de Jazz,167
Crazy Quilt,Anthologie des Grilles de Jazz,165
Crazy Rhythm,Anthologie des Grilles de Jazz,166
Crazy Words  Crazy Tune,Anthologie des Grilles de Jazz,164
Creole Love Call,Anthologie des Grilles de Jazz,168
Cry Me A River,Anthologie des Grilles de Jazz,169
Crying For The Carolines,Anthologie des Grilles de Jazz,168
Curse Of An Aching Heart,Anthologie des Grilles de Jazz,170
Cushion Foot Stomp,Anthologie des Grilles de Jazz,171
Cute,Anthologie des Grilles de Jazz,170
Daahoud,Anthologie des Grilles de Jazz,172
Dallas Blues,Anthologie des Grilles de Jazz,172
Dance Of The Infidels,Anthologie des Grilles de Jazz,174
Dancing In The Dark,Anthologie des Grilles de Jazz,174
Dancing On The Ceiling Daning In The Dark,Anthologie des Grilles de Jazz,175
Danny Boy (A London Derry Air),Anthologie des Grilles de Jazz,175
Dans Les Rues D'antibes,Anthologie des Grilles de Jazz,176
Daphne,Anthologie des Grilles de Jazz,177
Dardanella,Anthologie des Grilles de Jazz,177
Dark Eyes,Anthologie des Grilles de Jazz,178
When It's Darkness On The Delta,Anthologie des Grilles de Jazz,178
Darktown Strutters Ball,Anthologie des Grilles de Jazz,179
Darling Je Vous Aime Beaucoup,Anthologie des Grilles de Jazz,179
Darling Nelly Gray,Anthologie des Grilles de Jazz,180
Darn That Dream,Anthologie des Grilles de Jazz,180
Davenport Blues,Anthologie des Grilles de Jazz,181
Day By Day,Anthologie des Grilles de Jazz,182
Day Dream,Anthologie des Grilles de Jazz,182
Day In Day Out,Anthologie des Grilles de Jazz,183
Days Of Wine And Roses,Anthologie des Grilles de Jazz,184
Dead Man Blues,Anthologie des Grilles de Jazz,184
Dear Old Southland,Anthologie des Grilles de Jazz,185
Dearly Beloved,Anthologie des Grilles de Jazz,185
Deed I Do,Anthologie des Grilles de Jazz,187
Deep In A Dream,Anthologie des Grilles de Jazz,189
Deep In The Heart Of Texas,Anthologie des Grilles de Jazz,190
Deep Purple,Anthologie des Grilles de Jazz,189
Deep River,Anthologie des Grilles de Jazz,190
Desafinado,Anthologie des Grilles de Jazz,191
Detour Ahead,Anthologie des Grilles de Jazz,192
Diane,Anthologie des Grilles de Jazz,191
Did I Remember,Anthologie des Grilles de Jazz,192
Dig,Anthologie des Grilles de Jazz,193
Diga Diga Doo,Anthologie des Grilles de Jazz,194
Dinah,Anthologie des Grilles de Jazz,195
Dipermouth Blues,Anthologie des Grilles de Jazz,196
The Dipsy Doodle,Anthologie des Grilles de Jazz,196
The Dirty Dozens,Anthologie des Grilles de Jazz,197
Dixie (Dixies Land),Anthologie des Grilles de Jazz,197
Dizzy Atmosphere,Anthologie des Grilles de Jazz,198
Django,Anthologie des Grilles de Jazz,198
Djangology,Anthologie des Grilles de Jazz,200
Dolphin Dance,Anthologie des Grilles de Jazz,199
Do Nothin TI'll You Hear From Me,Anthologie des Grilles de Jazz,199
Do Something,Anthologie des Grilles de Jazz,201
Do You Know Wheat It Means To Miss N.o.,Anthologie des Grilles de Jazz,202
Doctor Jazz,Anthologie des Grilles de Jazz,203
Doin' The New Low Down,Anthologie des Grilles de Jazz,200
Donna Lee,Anthologie des Grilles de Jazz,204
Don't Be That Way,Anthologie des Grilles de Jazz,204
Don't Blame Me,Anthologie des Grilles de Jazz,205
Don't Explain,Anthologie des Grilles de Jazz,205
Don't Forget To Mess Around,Anthologie des Grilles de Jazz,206
Don't Take Your Love From Me,Anthologie des Grilles de Jazz,207
Don't Worry 'Bout Me,Anthologie des Grilles de Jazz,208
Don't Get Around Much Anymore,Anthologie des Grilles de Jazz,207
Don't You Know I Care Doodlin,Anthologie des Grilles de Jazz,208
Doodlin',Anthologie des Grilles de Jazz,209
Down By The Old Millstream,Anthologie des Grilles de Jazz,210
Down By The Riverside,Anthologie des Grilles de Jazz,211
Down Hearted Blues,Anthologie des Grilles de Jazz,211
Down Home Rag,Anthologie des Grilles de Jazz,212
Down In Honky Tonky Town,Anthologie des Grilles de Jazz,213
Down In Jungle Town,Anthologie des Grilles de Jazz,213
Down Where The Sun Goes Down,Anthologie des Grilles de Jazz,214
Doxy,Anthologie des Grilles de Jazz,214
Dream,Anthologie des Grilles de Jazz,201
Dream A Little Dream Of Me,Anthologie des Grilles de Jazz,215
Dream Of You,Anthologie des Grilles de Jazz,215
Drop Me Off In Harlem,Anthologie des Grilles de Jazz,217
The Duke,Anthologie des Grilles de Jazz,217
Dusky Stevedore,Anthologie des Grilles de Jazz,218
To Each His Own,Anthologie des Grilles de Jazz,219
Together,Anthologie des Grilles de Jazz,219
East Of The Sun,Anthologie des Grilles de Jazz,220
Early Autumn,Anthologie des Grilles de Jazz,220
East St. Louis Toodle-Do,Anthologie des Grilles de Jazz,221
Easter Parade,Anthologie des Grilles de Jazz,222
Easy Does It,Anthologie des Grilles de Jazz,223
Easy Living,Anthologie des Grilles de Jazz,223
Easy Rider Blues,Anthologie des Grilles de Jazz,224
Easy Street,Anthologie des Grilles de Jazz,224
Easy To Love,Anthologie des Grilles de Jazz,225
Ebb Tide,Anthologie des Grilles de Jazz,225
Ecaroh,Anthologie des Grilles de Jazz,226
Eccentric (Rag),Anthologie des Grilles de Jazz,227
Echoes Of Harlem,Anthologie des Grilles de Jazz,228
Eeny Meeny Miney Mo,Anthologie des Grilles de Jazz,229
Egyptian Fantasy,Anthologie des Grilles de Jazz,229
Eh La Bas,Anthologie des Grilles de Jazz,230
Emaline,Anthologie des Grilles de Jazz,230
Empty Bed Blues,Anthologie des Grilles de Jazz,231
The End Of A Love Affair,Anthologie des Grilles de Jazz,232
Entertainer,Anthologie des Grilles de Jazz,234
Everybody Loves My Baby,Anthologie des Grilles de Jazz,235
Everything But You,Anthologie des Grilles de Jazz,236
Everything Happens To Me,Anthologie des Grilles de Jazz,235
Everytime We Say Goodbye,Anthologie des Grilles de Jazz,237
Exactly Like You,Anthologie des Grilles de Jazz,237
Everything I Have Is Yours,Anthologie des Grilles de Jazz,231
Everytime I Feel The Spirit,Anthologie des Grilles de Jazz,231
Exodus Song,Anthologie des Grilles de Jazz,238
Falling In Love With Love,Anthologie des Grilles de Jazz,239
Farewell Blues,Anthologie des Grilles de Jazz,240
Fascinating Rhythm,Anthologie des Grilles de Jazz,240
Fidgety Feet,Anthologie des Grilles de Jazz,241
Fifty Second (52nd) Street Theme,Anthologie des Grilles de Jazz,242
Fine And Dandy,Anthologie des Grilles de Jazz,242
Fine And Mellow,Anthologie des Grilles de Jazz,243
A Fine Romance,Anthologie des Grilles de Jazz,243
Fireworks,Anthologie des Grilles de Jazz,244
FI've Foot Two Eyes Of Blue,Anthologie des Grilles de Jazz,245
Flamingo,Anthologie des Grilles de Jazz,245
Flat Foot Floogy,Anthologie des Grilles de Jazz,246
Flower Is A Lovesome Thing,Anthologie des Grilles de Jazz,246
Fly Me To The Moon,Anthologie des Grilles de Jazz,247
Flying Home,Anthologie des Grilles de Jazz,247
A Foggy Day,Anthologie des Grilles de Jazz,248
The Folks Who LI've On The Hill,Anthologie des Grilles de Jazz,249
For All We Know,Anthologie des Grilles de Jazz,250
For Dancers Only,Anthologie des Grilles de Jazz,250
For Heavens Sake,Anthologie des Grilles de Jazz,251
For Lena And Lenny,Anthologie des Grilles de Jazz,251
For Me And My Gal,Anthologie des Grilles de Jazz,252
I Love You For Sentimental Reasons,Anthologie des Grilles de Jazz,252
Forty And Tight,Anthologie des Grilles de Jazz,253
Four,Anthologie des Grilles de Jazz,253
Four Brothers,Anthologie des Grilles de Jazz,254
Four Or FI've Times,Anthologie des Grilles de Jazz,254
Frankie And Johnny,Anthologie des Grilles de Jazz,256
Freeze An Melt,Anthologie des Grilles de Jazz,256
Frenesi,Anthologie des Grilles de Jazz,257
Friendles Blues,Anthologie des Grilles de Jazz,258
Frog-I-More Rag,Anthologie des Grilles de Jazz,259
From Monday On,Anthologie des Grilles de Jazz,258
From This Moment On,Anthologie des Grilles de Jazz,260
Full Moon And Empty Arms,Anthologie des Grilles de Jazz,260
A Gal In Galico,Anthologie des Grilles de Jazz,261
Gatemouth,Anthologie des Grilles de Jazz,261
Get Out Of Town,Anthologie des Grilles de Jazz,262
Gee Baby Ain't I Good To You,Anthologie des Grilles de Jazz,263
Georgia Bobo,Anthologie des Grilles de Jazz,263
Georgia Grind,Anthologie des Grilles de Jazz,264
Georgia On My Mind,Anthologie des Grilles de Jazz,264
Get Out And Get Under The Moon,Anthologie des Grilles de Jazz,266
Gettysburg March,Anthologie des Grilles de Jazz,267
I Don't Stand A Ghost Of A Chance With You,Anthologie des Grilles de Jazz,267
Giant Steps,Anthologie des Grilles de Jazz,268
Gimme A Pigfoot,Anthologie des Grilles de Jazz,268
The Girl From Ipanema,Anthologie des Grilles de Jazz,269
Girl Of My Dream,Anthologie des Grilles de Jazz,269
Girl Talk,Anthologie des Grilles de Jazz,270
GI've Me The Simple Life,Anthologie des Grilles de Jazz,270
The Girls Go Crazy,Anthologie des Grilles de Jazz,271
GI've Me Your Telephone Number,Anthologie des Grilles de Jazz,271
Glad Rag Doll,Anthologie des Grilles de Jazz,272
The Glory Of Love,Anthologie des Grilles de Jazz,273
Go Down Moses,Anthologie des Grilles de Jazz,274
God Bless The Child,Anthologie des Grilles de Jazz,273
Godchild,Anthologie des Grilles de Jazz,274
Golden Earrings,Anthologie des Grilles de Jazz,275
Gone With The Wind,Anthologie des Grilles de Jazz,275
Good Bait,Anthologie des Grilles de Jazz,277
Good Bye,Anthologie des Grilles de Jazz,277
The Good Life,Anthologie des Grilles de Jazz,278
A Good Man Is Hard To Find,Anthologie des Grilles de Jazz,279
Good Morning Blues,Anthologie des Grilles de Jazz,279
Good Queen Bess,Anthologie des Grilles de Jazz,280
Good Time Flat Blues,Anthologie des Grilles de Jazz,280
Goody Goody,Anthologie des Grilles de Jazz,276
Goose Pimples,Anthologie des Grilles de Jazz,282
Grace And Beauty,Anthologie des Grilles de Jazz,283
Grandpa's Spells,Anthologie des Grilles de Jazz,284
Green Eyes,Anthologie des Grilles de Jazz,285
Guilty,Anthologie des Grilles de Jazz,287
Gulf Coast Blues,Anthologie des Grilles de Jazz,286
Gully Low Blues,Anthologie des Grilles de Jazz,286
The Gypsy,Anthologie des Grilles de Jazz,287
The Gypsy In My Soul,Anthologie des Grilles de Jazz,288
Half Nelson,Anthologie des Grilles de Jazz,289
Hallelujah,Anthologie des Grilles de Jazz,290
A Handfull Of Stars,Anthologie des Grilles de Jazz,291
Hands Across The Table,Anthologie des Grilles de Jazz,291
Happiness Is A Thing Called Joe,Anthologie des Grilles de Jazz,292
Happy Days Are Here Again,Anthologie des Grilles de Jazz,293
Happy Feet,Anthologie des Grilles de Jazz,294
Hard Hearted Hannah,Anthologie des Grilles de Jazz,295
Harlem Nocturne,Anthologie des Grilles de Jazz,297
Have You Ever Felt That Way,Anthologie des Grilles de Jazz,296
Have You Met Miss Jones,Anthologie des Grilles de Jazz,297
He Ain't Got Rhythm,Anthologie des Grilles de Jazz,300
Heah Me Talkin' To Ya,Anthologie des Grilles de Jazz,298
Heart And Soul,Anthologie des Grilles de Jazz,299
Heartaches,Anthologie des Grilles de Jazz,299
Heat Wave,Anthologie des Grilles de Jazz,300
Heaven Heaven,Anthologie des Grilles de Jazz,301
Heebie Jeebies,Anthologie des Grilles de Jazz,301
Hello Dolly,Anthologie des Grilles de Jazz,302
Hello Young Lovers,Anthologie des Grilles de Jazz,303
Henderson Stomp,Anthologie des Grilles de Jazz,304
Heres That Rainy Day,Anthologie des Grilles de Jazz,305
Hi Fly,Anthologie des Grilles de Jazz,306
High Society (Rag),Anthologie des Grilles de Jazz,307
Hindustan,Anthologie des Grilles de Jazz,306
"Hold Tight, Hold Tight",Anthologie des Grilles de Jazz,308
Home (When Shadows Fall),Anthologie des Grilles de Jazz,309
Honey,Anthologie des Grilles de Jazz,309
Honeysuckle Rose,Anthologie des Grilles de Jazz,310
Honky Tonk Train Blues,Anthologie des Grilles de Jazz,310
Hot House,Anthologie des Grilles de Jazz,312
There'll Be A Hot Time In The Old Town,Anthologie des Grilles de Jazz,313
Hotter Than That,Anthologie des Grilles de Jazz,313
How About You,Anthologie des Grilles de Jazz,311
How Am I To Know,Anthologie des Grilles de Jazz,315
How Can You Face Me,Anthologie des Grilles de Jazz,316
How Come You Do Me Like You Do,Anthologie des Grilles de Jazz,316
How Could I Be Blue,Anthologie des Grilles de Jazz,317
How Could You,Anthologie des Grilles de Jazz,317
How Deep Is The Ocean,Anthologie des Grilles de Jazz,318
How High The Moon,Anthologie des Grilles de Jazz,318
How Insensitive,Anthologie des Grilles de Jazz,319
How Long Has This Been Going On,Anthologie des Grilles de Jazz,319
"How Long, How Long Blues",Anthologie des Grilles de Jazz,319
How'm I Doin',Anthologie des Grilles de Jazz,320
Hula Lou,Anthologie des Grilles de Jazz,321
Humoresque,Anthologie des Grilles de Jazz,322
A Hundred Years From Today,Anthologie des Grilles de Jazz,323
I Ain't Gonna GI've Nobody None O' This Jelly Rol,Anthologie des Grilles de Jazz,324
I Ain't Gonna Tell Nobody,Anthologie des Grilles de Jazz,325
I Ain't Got Nobody,Anthologie des Grilles de Jazz,326
I Ain't Got Nothing But The Blues,Anthologie des Grilles de Jazz,325
I Apologize,Anthologie des Grilles de Jazz,327
I Believe In Miracles,Anthologie des Grilles de Jazz,328
I Cant Believe That You're In Love With Me,Anthologie des Grilles de Jazz,328
I Cant Get Started With You,Anthologie des Grilles de Jazz,330
I Cant GI've You Anything But Love,Anthologie des Grilles de Jazz,329
I Cant Stop Loving You,Anthologie des Grilles de Jazz,330
I Concentrate On You,Anthologie des Grilles de Jazz,332
Ice Cream,Anthologie des Grilles de Jazz,333
I Could Have Danced All Night,Anthologie des Grilles de Jazz,333
I Could Write A Book,Anthologie des Grilles de Jazz,334
I Cover The Waterfront,Anthologie des Grilles de Jazz,334
I Cried For You,Anthologie des Grilles de Jazz,336
Ida Sweet As Apple Cider,Anthologie des Grilles de Jazz,336
I Didn't Know What Time It Was,Anthologie des Grilles de Jazz,337
I Don't Know Why I Just Do,Anthologie des Grilles de Jazz,337
I Don't Want To Set The World On Fire,Anthologie des Grilles de Jazz,338
I Don't Want To Walk Without You,Anthologie des Grilles de Jazz,338
I Double Dare You,Anthologie des Grilles de Jazz,339
I Fall In Love Too Easily,Anthologie des Grilles de Jazz,339
I Found A Million Dollar Baby,Anthologie des Grilles de Jazz,340
I Get A Kick Out Of You,Anthologie des Grilles de Jazz,341
I Got It Bad And That Ain't Good,Anthologie des Grilles de Jazz,344
I Got Plenty O' Nuttin',Anthologie des Grilles de Jazz,343
I Got Rhythm,Anthologie des Grilles de Jazz,342
I Gotta Right To Sing The Blues,Anthologie des Grilles de Jazz,344
I Guess I'll Have To Change My Plan,Anthologie des Grilles de Jazz,342
I Had The Craziest Dream,Anthologie des Grilles de Jazz,345
I Hadn't Anyone TI'll You,Anthologie des Grilles de Jazz,346
I Hear A Rhapsody,Anthologie des Grilles de Jazz,345
I Hear Music,Anthologie des Grilles de Jazz,347
I Hope Gabriel Likes My Music,Anthologie des Grilles de Jazz,347
I Know That You Know,Anthologie des Grilles de Jazz,349
I Left My Heart In San Francisco,Anthologie des Grilles de Jazz,350
I Let A Song Get Out Of My Heart I Love You,Anthologie des Grilles de Jazz,350
I Love You,Anthologie des Grilles de Jazz,351
I Love You Truly,Anthologie des Grilles de Jazz,351
I Loves You Porgy,Anthologie des Grilles de Jazz,352
I Love You,Anthologie des Grilles de Jazz,352
I Married An Angel,Anthologie des Grilles de Jazz,353
I May Be Wrong,Anthologie des Grilles de Jazz,353
I Must Have That Man,Anthologie des Grilles de Jazz,355
I Need Lovin',Anthologie des Grilles de Jazz,356
I Never Knew,Anthologie des Grilles de Jazz,356
I Never Knew I Could Love Anybody,Anthologie des Grilles de Jazz,357
I Never Knew What A Gal Could Do,Anthologie des Grilles de Jazz,358
I Only Have Eyes For You,Anthologie des Grilles de Jazz,359
I Remember Clifford,Anthologie des Grilles de Jazz,359
I Remember You,Anthologie des Grilles de Jazz,360
I Saw Stars,Anthologie des Grilles de Jazz,360
I'se A Muggin',Anthologie des Grilles de Jazz,360
I Should Care,Anthologie des Grilles de Jazz,361
"I Surrender, Dear",Anthologie des Grilles de Jazz,362
I Thought About You,Anthologie des Grilles de Jazz,363
It's You Or No One,Anthologie des Grilles de Jazz,364
I Used To Love You But It's All Over,Anthologie des Grilles de Jazz,364
I Want A Little Girl,Anthologie des Grilles de Jazz,365
I Want To Be Happy,Anthologie des Grilles de Jazz,365
I Was Doin' Allright,Anthologie des Grilles de Jazz,366
I Wish I Could Shimmy Like My Sister Kate,Anthologie des Grilles de Jazz,367
I Wish I Knew,Anthologie des Grilles de Jazz,368
I Wish I Were Twins,Anthologie des Grilles de Jazz,368
I Wished On The Moon,Anthologie des Grilles de Jazz,367
I Wish't I Was In Peoria,Anthologie des Grilles de Jazz,369
I Wonder,Anthologie des Grilles de Jazz,370
I Won't Dance,Anthologie des Grilles de Jazz,371
I Would Do Anything For You,Anthologie des Grilles de Jazz,371
Ice Cream,Anthologie des Grilles de Jazz,372
I Could Have Danced All Night,Anthologie des Grilles de Jazz,372
I'd Climb The Highest Mountain,Anthologie des Grilles de Jazz,373
I Cried For You,Anthologie des Grilles de Jazz,374
Ida Sweet As Apple Cider,Anthologie des Grilles de Jazz,374
If Dreams Come True,Anthologie des Grilles de Jazz,375
If I Could Be With You,Anthologie des Grilles de Jazz,375
If I Had You,Anthologie des Grilles de Jazz,376
If I Love Again,Anthologie des Grilles de Jazz,376
If I Should Lose You,Anthologie des Grilles de Jazz,377
If I Were A Bell,Anthologie des Grilles de Jazz,377
If You Could See Me Now,Anthologie des Grilles de Jazz,340
I Found A Million Dollar Baby,Anthologie des Grilles de Jazz,378
If You Could See Me Now,Anthologie des Grilles de Jazz,378
If You Knew Susie,Anthologie des Grilles de Jazz,379
If You Were The Only Girl In The World,Anthologie des Grilles de Jazz,379
I'll Always Be In Love With You,Anthologie des Grilles de Jazz,380
I'll Be Around,Anthologie des Grilles de Jazz,380
I'll Be Seeing You,Anthologie des Grilles de Jazz,381
I'll Close My Eyes,Anthologie des Grilles de Jazz,381
I'll Follow My Secret Heart,Anthologie des Grilles de Jazz,382
I'll Get By,Anthologie des Grilles de Jazz,382
I'll Never Say Never Again Again,Anthologie des Grilles de Jazz,383
I'll Never Smile Again,Anthologie des Grilles de Jazz,384
I'll Remember April,Anthologie des Grilles de Jazz,384
I'll See You In My Dreams,Anthologie des Grilles de Jazz,385
I'll String Along With You,Anthologie des Grilles de Jazz,385
I'll Walk Alone,Anthologie des Grilles de Jazz,386
I'll Wind,Anthologie des Grilles de Jazz,386
I'm A Little Blackbird,Anthologie des Grilles de Jazz,388
I'm An Old Cowhand From The Rio Grande,Anthologie des Grilles de Jazz,388
I'm Beginning To See The Light,Anthologie des Grilles de Jazz,390
I'm Coming Virginia,Anthologie des Grilles de Jazz,390
I'm Confessin' That I Love You,Anthologie des Grilles de Jazz,391
I'm Crazy 'Bout My Baby,Anthologie des Grilles de Jazz,392
I'm Forever Blowing Bubbles,Anthologie des Grilles de Jazz,392
I'm Getting Sentimental Over You,Anthologie des Grilles de Jazz,394
I'm Glad Theres You In This World,Anthologie des Grilles de Jazz,394
I'm Going Away Just To Wear You...,Anthologie des Grilles de Jazz,395
I'm Gonna Move On The Outskirts Of Town,Anthologie des Grilles de Jazz,395
I'm Gonna Sit Right Down And Write,Anthologie des Grilles de Jazz,396
I'm In The Market For You,Anthologie des Grilles de Jazz,396
I'm In The Mood For Love,Anthologie des Grilles de Jazz,397
I'm Just A Lucky So-And-So,Anthologie des Grilles de Jazz,397
I'm Just Wild About Harry,Anthologie des Grilles de Jazz,398
I'm Looking Over A Four Leaf Clover,Anthologie des Grilles de Jazz,398
I'm Making Believe,Anthologie des Grilles de Jazz,399
I'm More Than Satisfied,Anthologie des Grilles de Jazz,399
I'm Nobody's Baby,Anthologie des Grilles de Jazz,400
I'm Old Fashioned,Anthologie des Grilles de Jazz,401
I'm Putting All My Eggs In One Basket,Anthologie des Grilles de Jazz,401
I'm Sitting On Top Of The World,Anthologie des Grilles de Jazz,387
I'm Sitting On Top Of The World,Anthologie des Grilles de Jazz,402
I'm Sorry I Made You Cry,Anthologie des Grilles de Jazz,403
I'm Thru With Love,Anthologie des Grilles de Jazz,403
I'm Yours,Anthologie des Grilles de Jazz,404
Imagination,Anthologie des Grilles de Jazz,405
In A Little Spanish Town,Anthologie des Grilles de Jazz,406
In A Mellow Tone,Anthologie des Grilles de Jazz,404
In A Sentimental Mood,Anthologie des Grilles de Jazz,406
In A Shanty In Old Shanty Town,Anthologie des Grilles de Jazz,354
In A Shanty In Old Shanty Town,Anthologie des Grilles de Jazz,407
Back Home In Indiana,Anthologie des Grilles de Jazz,407
In Harlems Araby,Anthologie des Grilles de Jazz,408
In Love In Vain,Anthologie des Grilles de Jazz,408
In The Evening,Anthologie des Grilles de Jazz,409
In The Good Old Summertime,Anthologie des Grilles de Jazz,410
In The Middle Of A Kiss,Anthologie des Grilles de Jazz,410
In The Mood,Anthologie des Grilles de Jazz,411
In The Shade Of The Old Appletree,Anthologie des Grilles de Jazz,411
In The Still Of The Night,Anthologie des Grilles de Jazz,412
In Your Own Sweet Way,Anthologie des Grilles de Jazz,413
Indian Love Call,Anthologie des Grilles de Jazz,414
Indian Summer,Anthologie des Grilles de Jazz,414
Back Home In Indiana,Anthologie des Grilles de Jazz,354
Invitation,Anthologie des Grilles de Jazz,415
Irish Black Bottom,Anthologie des Grilles de Jazz,416
Is It True What They Say About Dixie,Anthologie des Grilles de Jazz,361
I Should Care,Anthologie des Grilles de Jazz,417
Is You Is Or Is You Ain't Ma Baby,Anthologie des Grilles de Jazz,418
I Remember You,Anthologie des Grilles de Jazz,419
I Saw Stars,Anthologie des Grilles de Jazz,419
I'se A Muggin',Anthologie des Grilles de Jazz,419
Isle Of Capri,Anthologie des Grilles de Jazz,420
Isn't It Romantic,Anthologie des Grilles de Jazz,421
Isn't This A Lovely Day,Anthologie des Grilles de Jazz,421
Israel,Anthologie des Grilles de Jazz,362
Israel,Anthologie des Grilles de Jazz,422
"I Surrender, Dear",Anthologie des Grilles de Jazz,422
It Ain't Necessarily So,Anthologie des Grilles de Jazz,423
It All Depends On You,Anthologie des Grilles de Jazz,424
It Could Happen To You,Anthologie des Grilles de Jazz,424
It Don't Mean A Thing If It Ain't Got That Swing,Anthologie des Grilles de Jazz,425
It Had To Be You,Anthologie des Grilles de Jazz,425
It Happened In Monterey,Anthologie des Grilles de Jazz,426
It Might As Well Be Spring,Anthologie des Grilles de Jazz,427
I Thought About You,Anthologie des Grilles de Jazz,428
It Never Entered My Mind,Anthologie des Grilles de Jazz,363
It Never Entered My Mind,Anthologie des Grilles de Jazz,428
It's A Long Long Way To Tipperary,Anthologie des Grilles de Jazz,429
It's A Sin To Tell A Lie,Anthologie des Grilles de Jazz,430
It's Alright With Me,Anthologie des Grilles de Jazz,431
It's Been A Long Long Time,Anthologie des Grilles de Jazz,430
It's Dlovely,Anthologie des Grilles de Jazz,432
It's Easy To Remember,Anthologie des Grilles de Jazz,432
It's Only A Paper Moon,Anthologie des Grilles de Jazz,433
It's The Talk Of The Town,Anthologie des Grilles de Jazz,433
It's Tight Like That,Anthologie des Grilles de Jazz,434
It's Wonderful,Anthologie des Grilles de Jazz,434
It's You Or No One,Anthologie des Grilles de Jazz,435
I Used To Love You But It's All Over,Anthologie des Grilles de Jazz,435
I've Found A New Baby,Anthologie des Grilles de Jazz,436
I've Got A Crush On You,Anthologie des Grilles de Jazz,437
I've Got A Feeling I'm Falling,Anthologie des Grilles de Jazz,438
I've Got My Fingers Crossed,Anthologie des Grilles de Jazz,438
I've Got The World On A String,Anthologie des Grilles de Jazz,439
I've Got You Under My Skin,Anthologie des Grilles de Jazz,440
I've Grown Accustomed To Her Face,Anthologie des Grilles de Jazz,441
Ja Da,Anthologie des Grilles de Jazz,442
Jackass Blues,Anthologie des Grilles de Jazz,442
Jailhouse Blues,Anthologie des Grilles de Jazz,444
The Japanese Sandman,Anthologie des Grilles de Jazz,444
Jazz Me Blues,Anthologie des Grilles de Jazz,445
Jazzin' Babies Blues,Anthologie des Grilles de Jazz,446
Jealous,Anthologie des Grilles de Jazz,447
The Jeep Is Jumpin,Anthologie des Grilles de Jazz,448
Jeepers Creepers,Anthologie des Grilles de Jazz,449
Jeeps Blues,Anthologie des Grilles de Jazz,448
I Ain't Gonna Give Nobody O' this Jelly Roll,Anthologie des Grilles de Jazz,451
Jersey Bounce,Anthologie des Grilles de Jazz,452
Jimtown Blues,Anthologie des Grilles de Jazz,453
Jingle Bells,Anthologie des Grilles de Jazz,452
The Jitterbug Waltz,Anthologie des Grilles de Jazz,453
Jive At Five,Anthologie des Grilles de Jazz,454
Johnny Come Lately,Anthologie des Grilles de Jazz,454
Jorbo,Anthologie des Grilles de Jazz,455
Joshua Fit The Battle Of Jericho,Anthologie des Grilles de Jazz,455
Joy Spring,Anthologie des Grilles de Jazz,456
Jubilee,Anthologie des Grilles de Jazz,457
Judy,Anthologie des Grilles de Jazz,458
Jumpin' At The Woodside,Anthologie des Grilles de Jazz,458
Jumpin' With Symphony Sid,Anthologie des Grilles de Jazz,459
June Night,Anthologie des Grilles de Jazz,459
Just A Closer Walk With Thee,Anthologie des Grilles de Jazz,460
Just A Gigolo,Anthologie des Grilles de Jazz,460
Just A Little While To Stay Here,Anthologie des Grilles de Jazz,460
Just A Sittin' And A Rockin',Anthologie des Grilles de Jazz,461
Just Friends,Anthologie des Grilles de Jazz,461
Just Gone,Anthologie des Grilles de Jazz,462
Just In Time,Anthologie des Grilles de Jazz,463
Just One More Chance,Anthologie des Grilles de Jazz,463
Just One Of Those Things,Anthologie des Grilles de Jazz,464
Just Squeeze Me But Don't Tease Me,Anthologie des Grilles de Jazz,465
Just You Just Me,Anthologie des Grilles de Jazz,465
Kansas City Kitty,Anthologie des Grilles de Jazz,466
Kansas City Man Blues,Anthologie des Grilles de Jazz,466
Kansas City Stomps,Anthologie des Grilles de Jazz,467
Keepin' Out Of Mischief Now,Anthologie des Grilles de Jazz,468
The King Of The Zulus,Anthologie des Grilles de Jazz,469
Kiss Me Sweet,Anthologie des Grilles de Jazz,470
A Kiss To Build A Dream On,Anthologie des Grilles de Jazz,470
Oh Daddy Blues,Anthologie des Grilles de Jazz,471
Oh Lady Be Good,Anthologie des Grilles de Jazz,471
Lady Bird,Anthologie des Grilles de Jazz,472
The Lady In Red,Anthologie des Grilles de Jazz,472
The Lady Is A Tramp,Anthologie des Grilles de Jazz,473
Laghing At Life,Anthologie des Grilles de Jazz,477
Lambeth Walk,Anthologie des Grilles de Jazz,474
Lassus Trombone,Anthologie des Grilles de Jazz,475
The Last Time I Saw Paris,Anthologie des Grilles de Jazz,476
Laura,Anthologie des Grilles de Jazz,477
Lazy Bones,Anthologie des Grilles de Jazz,478
Lazy River,Anthologie des Grilles de Jazz,478
Les Oignons,Anthologie des Grilles de Jazz,479
Lester Leaps In,Anthologie des Grilles de Jazz,480
Let Me Call You Sweetheart,Anthologie des Grilles de Jazz,480
Lets Call The Whole Thing Off,Anthologie des Grilles de Jazz,481
"Let's Do It, Let's Fall In Love",Anthologie des Grilles de Jazz,482
Let's Fall In Love,Anthologie des Grilles de Jazz,482
Like Someone In Love,Anthologie des Grilles de Jazz,483
Li'l Darlin',Anthologie des Grilles de Jazz,483
Li'l Liza Jane,Anthologie des Grilles de Jazz,484
Limehouse Blues,Anthologie des Grilles de Jazz,484
Line For Lyons,Anthologie des Grilles de Jazz,485
Linger Awhile,Anthologie des Grilles de Jazz,486
Little Girl,Anthologie des Grilles de Jazz,488
Little Girl Blue,Anthologie des Grilles de Jazz,488
Little Niles,Anthologie des Grilles de Jazz,487
London Blues,Anthologie des Grilles de Jazz,489
Lonesome Road,Anthologie des Grilles de Jazz,490
Long Ago And Far Away,Anthologie des Grilles de Jazz,490
Long Gone From Bowling Green,Anthologie des Grilles de Jazz,491
A Lot Of Livin' To Do,Anthologie des Grilles de Jazz,491
Louise,Anthologie des Grilles de Jazz,492
Louisiana,Anthologie des Grilles de Jazz,493
Love For Sale,Anthologie des Grilles de Jazz,494
Love Is Here To Stay,Anthologie des Grilles de Jazz,495
Love Is Just Around The Corner,Anthologie des Grilles de Jazz,495
Love Letters,Anthologie des Grilles de Jazz,496
Love Me Or Leave Me,Anthologie des Grilles de Jazz,497
Love Nest,Anthologie des Grilles de Jazz,498
Lovely To Look At,Anthologie des Grilles de Jazz,496
Lover,Anthologie des Grilles de Jazz,501
Lover Come Back To Me,Anthologie des Grilles de Jazz,499
Lover Man,Anthologie des Grilles de Jazz,500
Love Walked In,Anthologie des Grilles de Jazz,500
Lullaby In Rhythm,Anthologie des Grilles de Jazz,502
Lullaby Of Birdland,Anthologie des Grilles de Jazz,502
Lullaby Of Broadway,Anthologie des Grilles de Jazz,503
Lullaby Of The Leaves,Anthologie des Grilles de Jazz,503
Lulu's Back In Town,Anthologie des Grilles de Jazz,504
Lush Life,Anthologie des Grilles de Jazz,505
Mabel's Dream,Anthologie des Grilles de Jazz,506
Mack The Knife,Anthologie des Grilles de Jazz,507
Mad About The Boy,Anthologie des Grilles de Jazz,507
Mahagony Hall Stomp,Anthologie des Grilles de Jazz,508
Make Believe,Anthologie des Grilles de Jazz,509
Make Me A Pallet On The Floor,Anthologie des Grilles de Jazz,509
Make Someone Happy,Anthologie des Grilles de Jazz,510
Makin Whoopee,Anthologie des Grilles de Jazz,510
Mama Don't Allow,Anthologie des Grilles de Jazz,511
Mamas Gone Goodbye,Anthologie des Grilles de Jazz,511
Mamma Goes Where Papa Goes,Anthologie des Grilles de Jazz,512
The Man I Love,Anthologie des Grilles de Jazz,513
Mandy,Anthologie des Grilles de Jazz,512
Mandy Make Up Your Mind,Anthologie des Grilles de Jazz,515
Manha Do Carnaval (Black Orpheus),Anthologie des Grilles de Jazz,516
Manhattan,Anthologie des Grilles de Jazz,516
Manoir De Mes Reves,Anthologie des Grilles de Jazz,517
Manteca,Anthologie des Grilles de Jazz,517
Maple Leaf Rag,Anthologie des Grilles de Jazz,518
Le Marchand De Poissons,Anthologie des Grilles de Jazz,519
Margie,Anthologie des Grilles de Jazz,519
Marie,Anthologie des Grilles de Jazz,520
Marmaduke,Anthologie des Grilles de Jazz,520
Martinique,Anthologie des Grilles de Jazz,521
Mary Had A Little Lamb,Anthologie des Grilles de Jazz,522
Mary Lou,Anthologie des Grilles de Jazz,523
I'm Afraid The Masquerade Is Over,Anthologie des Grilles de Jazz,523
Maryland My Maryland,Anthologie des Grilles de Jazz,524
Mean To Me,Anthologie des Grilles de Jazz,525
Meditation,Anthologie des Grilles de Jazz,526
Melancholy,Anthologie des Grilles de Jazz,527
Melody In F,Anthologie des Grilles de Jazz,527
Memories Of You,Anthologie des Grilles de Jazz,528
The Memphis Blues,Anthologie des Grilles de Jazz,528
Memphis In June,Anthologie des Grilles de Jazz,529
Messin' Around,Anthologie des Grilles de Jazz,530
Michigan Water Blues,Anthologie des Grilles de Jazz,530
The Midgets,Anthologie des Grilles de Jazz,531
Midnight In Moscow,Anthologie des Grilles de Jazz,532
Midnight Sun,Anthologie des Grilles de Jazz,532
The Midnight Sun WI'll Never Set,Anthologie des Grilles de Jazz,531
Milenberg Joys,Anthologie des Grilles de Jazz,533
Milestones (Second),Anthologie des Grilles de Jazz,534
Minnie The Moocher,Anthologie des Grilles de Jazz,535
Minnie The Moochers Wedding Day,Anthologie des Grilles de Jazz,536
Minor Swing,Anthologie des Grilles de Jazz,537
Minority,Anthologie des Grilles de Jazz,537
Miss Annabel Lee,Anthologie des Grilles de Jazz,538
Miss Brown To You,Anthologie des Grilles de Jazz,537
Miss Otis Regrets She's Unable To Lunch Today,Anthologie des Grilles de Jazz,539
Mississippi Mud,Anthologie des Grilles de Jazz,539
Misty,Anthologie des Grilles de Jazz,540
Moanin,Anthologie des Grilles de Jazz,540
Moanin Low,Anthologie des Grilles de Jazz,541
Mobile Blues,Anthologie des Grilles de Jazz,542
Moments Notice,Anthologie des Grilles de Jazz,541
Why Don't You Do Right?,Anthologie des Grilles de Jazz,543
Why Was I Born?,Anthologie des Grilles de Jazz,543
Monks Mood,Anthologie des Grilles de Jazz,544
The Mooche,Anthologie des Grilles de Jazz,545
Mood Indigo,Anthologie des Grilles de Jazz,544
Moon Over Miami,Anthologie des Grilles de Jazz,546
Moon River,Anthologie des Grilles de Jazz,546
Moonglow,Anthologie des Grilles de Jazz,547
Moonlight Becomes You,Anthologie des Grilles de Jazz,548
Moonlight In Vermont,Anthologie des Grilles de Jazz,548
Moonlight On The Ganges,Anthologie des Grilles de Jazz,549
Moonlight Serenade,Anthologie des Grilles de Jazz,549
The Moose March,Anthologie des Grilles de Jazz,551
Moose The Mooche,Anthologie des Grilles de Jazz,550
Mop Mop,Anthologie des Grilles de Jazz,550
Moppin' And Boppin',Anthologie des Grilles de Jazz,552
More,Anthologie des Grilles de Jazz,553
The More I See You,Anthologie des Grilles de Jazz,552
More Than You Know,Anthologie des Grilles de Jazz,553
Morning Glory,Anthologie des Grilles de Jazz,554
Moten Swing,Anthologie des Grilles de Jazz,553
Moulin A Cafe,Anthologie des Grilles de Jazz,555
Mountain Greenery,Anthologie des Grilles de Jazz,556
Move,Anthologie des Grilles de Jazz,557
Mr Freddie Blues,Anthologie des Grilles de Jazz,557
Mr Jelly Lord,Anthologie des Grilles de Jazz,558
Mr P.C.,Anthologie des Grilles de Jazz,558
Muddy Water,Anthologie des Grilles de Jazz,559
Muscle Shoals Blues,Anthologie des Grilles de Jazz,560
The Music Goes Round And Round,Anthologie des Grilles de Jazz,560
Music Maestro Please,Anthologie des Grilles de Jazz,561
Muskrat Ramble,Anthologie des Grilles de Jazz,561
My Blue Heaven,Anthologie des Grilles de Jazz,562
My Bucket's Got A Hole In It,Anthologie des Grilles de Jazz,562
My Buddy,Anthologie des Grilles de Jazz,563
My Daddy Rocks Me,Anthologie des Grilles de Jazz,564
My Fate Is In Your Hands,Anthologie des Grilles de Jazz,563
My Favorite Things,Anthologie des Grilles de Jazz,564
My Foolish Heart,Anthologie des Grilles de Jazz,565
My Funny Valentine,Anthologie des Grilles de Jazz,565
My Gal Sal...,Anthologie des Grilles de Jazz,566
My Heart Belongs To Daddy,Anthologie des Grilles de Jazz,566
My Heart Stood Still,Anthologie des Grilles de Jazz,567
My Honey's Lovin Arms,Anthologie des Grilles de Jazz,568
My Ideal,Anthologie des Grilles de Jazz,569
My Kindo Love,Anthologie des Grilles de Jazz,569
My Last Affair,Anthologie des Grilles de Jazz,570
My Little Suede Shoes,Anthologie des Grilles de Jazz,570
My Man,Anthologie des Grilles de Jazz,571
My Melancholy Baby,Anthologie des Grilles de Jazz,572
My Monday Date,Anthologie des Grilles de Jazz,571
My Old Flame,Anthologie des Grilles de Jazz,573
My Old Kentucky Home,Anthologie des Grilles de Jazz,573
My One And Only Love,Anthologie des Grilles de Jazz,574
My Pet,Anthologie des Grilles de Jazz,575
My Pretty Girl,Anthologie des Grilles de Jazz,576
My Reverie,Anthologie des Grilles de Jazz,577
My Romance,Anthologie des Grilles de Jazz,577
My Shining Hour,Anthologie des Grilles de Jazz,578
My Ship,Anthologie des Grilles de Jazz,578
My Silent Love,Anthologie des Grilles de Jazz,579
My Sweet Lovin' Man,Anthologie des Grilles de Jazz,580
My Sweetie Went Away,Anthologie des Grilles de Jazz,584
My Wild Irish Rose,Anthologie des Grilles de Jazz,579
Nagasaki,Anthologie des Grilles de Jazz,582
Naima,Anthologie des Grilles de Jazz,582
Nardis,Anthologie des Grilles de Jazz,583
Nature Boy,Anthologie des Grilles de Jazz,585
Nevertheless,Anthologie des Grilles de Jazz,588
The Nearness Of You,Anthologie des Grilles de Jazz,585
New Orleans,Anthologie des Grilles de Jazz,588
New Orleans Function,Anthologie des Grilles de Jazz,586
New Orleans Hop Scop Blues,Anthologie des Grilles de Jazz,587
New Orleans Stomp,Anthologie des Grilles de Jazz,587
Nica's Dream,Anthologie des Grilles de Jazz,589
Nica's Tempo,Anthologie des Grilles de Jazz,590
Nice Work If You Can Get It,Anthologie des Grilles de Jazz,590
Night And Day,Anthologie des Grilles de Jazz,591
A Night In Tunesia,Anthologie des Grilles de Jazz,592
Night Train,Anthologie des Grilles de Jazz,593
The Night We Called It A Day,Anthologie des Grilles de Jazz,593
A Nightingale Sang In Berkeley Square,Anthologie des Grilles de Jazz,594
Nineteen Nineteen,Anthologie des Grilles de Jazz,595
Nine Twenty (920) Special,Anthologie des Grilles de Jazz,598
No Moon At All,Anthologie des Grilles de Jazz,596
No Regrets,Anthologie des Grilles de Jazz,597
Nobody Knows The Trouble I've Seen,Anthologie des Grilles de Jazz,598
Nobody Knows The Way I Feels,Anthologie des Grilles de Jazz,599
Nobody Knows You When Youre Down And Out,Anthologie des Grilles de Jazz,599
Nobodys Sweetheart,Anthologie des Grilles de Jazz,600
Now It Can Be Told,Anthologie des Grilles de Jazz,601
Nows The Time,Anthologie des Grilles de Jazz,602
Nuages,Anthologie des Grilles de Jazz,602
The Object Of My Affection,Anthologie des Grilles de Jazz,603
Of All The Wrongs Youve Done To ME,Anthologie des Grilles de Jazz,603
Off Minor,Anthologie des Grilles de Jazz,604
Oh Baby,Anthologie des Grilles de Jazz,604
Oh Daddy Blues,Anthologie des Grilles de Jazz,605
Oh Lady Be Good,Anthologie des Grilles de Jazz,605
Oh Look At Me Now,Anthologie des Grilles de Jazz,606
Oh Miss Hannah,Anthologie des Grilles de Jazz,607
Oh Sister Ain't That Hot,Anthologie des Grilles de Jazz,608
Oh You Beautiful ...,Anthologie des Grilles de Jazz,609
Les Oignons,Anthologie des Grilles de Jazz,609
Old Devil Moon,Anthologie des Grilles de Jazz,610
Old Fashioned Love,Anthologie des Grilles de Jazz,611
Old Folks,Anthologie des Grilles de Jazz,611
Give Me That Old Time Religion,Anthologie des Grilles de Jazz,612
Ole Miss,Anthologie des Grilles de Jazz,612
Oleo,Anthologie des Grilles de Jazz,613
Ol' Man Mose,Anthologie des Grilles de Jazz,613
Ol' Man River,Anthologie des Grilles de Jazz,614
On A Clear Day You Can See Forever,Anthologie des Grilles de Jazz,615
On A Slowboat To China,Anthologie des Grilles de Jazz,615
On Green Dolphin Street,Anthologie des Grilles de Jazz,616
On Revival Day,Anthologie des Grilles de Jazz,617
On The Alamo,Anthologie des Grilles de Jazz,618
On The Beach At Bali Bali,Anthologie des Grilles de Jazz,618
On The Street Where You LI've,Anthologie des Grilles de Jazz,619
On The Sunny Side Of The Street,Anthologie des Grilles de Jazz,620
On The Trail,Anthologie des Grilles de Jazz,619
On Treasure Island,Anthologie des Grilles de Jazz,620
Once In A While,Anthologie des Grilles de Jazz,621
One For My Baby,Anthologie des Grilles de Jazz,622
The One I Love Belongs To Somebody Else,Anthologie des Grilles de Jazz,621
One Note Samba,Anthologie des Grilles de Jazz,623
One O'Clock Jump,Anthologie des Grilles de Jazz,624
One Sweet Letter From You,Anthologie des Grilles de Jazz,625
"One, Two, Button Your Shoe",Anthologie des Grilles de Jazz,626
Oop Bop Sa Bam,Anthologie des Grilles de Jazz,627
Opus De Funk,Anthologie des Grilles de Jazz,628
Organ Grinder Swing,Anthologie des Grilles de Jazz,628
Oriental Man,Anthologie des Grilles de Jazz,629
P.S. I Love You,Anthologie des Grilles de Jazz,630
Put On A Happy Face,Anthologie des Grilles de Jazz,630
Panama,Anthologie des Grilles de Jazz,631
Pannonica,Anthologie des Grilles de Jazz,632
Papa Dip,Anthologie des Grilles de Jazz,632
Papa-De-Da-Da,Anthologie des Grilles de Jazz,633
Parisian Thoroughfare,Anthologie des Grilles de Jazz,634
Partys Over,Anthologie des Grilles de Jazz,634
Pasadena,Anthologie des Grilles de Jazz,635
Passion Flower,Anthologie des Grilles de Jazz,635
Passport To Paradise,Anthologie des Grilles de Jazz,636
Paul's Pal,Anthologie des Grilles de Jazz,637
The Peanut Vendor,Anthologie des Grilles de Jazz,638
Peg O' My Heart,Anthologie des Grilles de Jazz,639
Pennies From Heaven,Anthologie des Grilles de Jazz,639
Pent-up House,Anthologie des Grilles de Jazz,642
Penthouse Serenade,Anthologie des Grilles de Jazz,641
People,Anthologie des Grilles de Jazz,642
People WI'll Say Were In Love,Anthologie des Grilles de Jazz,641
Perdido (Lost),Anthologie des Grilles de Jazz,644
Perdido Street Blues,Anthologie des Grilles de Jazz,643
Perfidia (Tonight),Anthologie des Grilles de Jazz,644
Perhaps,Anthologie des Grilles de Jazz,643
Persian Rug,Anthologie des Grilles de Jazz,645
Petite Fleur,Anthologie des Grilles de Jazz,646
Pick Yourself Up,Anthologie des Grilles de Jazz,647
Please,Anthologie des Grilles de Jazz,649
Please Don't Talk About Me,Anthologie des Grilles de Jazz,648
Pleasure Mad,Anthologie des Grilles de Jazz,650
Poinciana,Anthologie des Grilles de Jazz,651
Polka Dots And Moonbeams,Anthologie des Grilles de Jazz,652
Poor Butterfly,Anthologie des Grilles de Jazz,652
Porgy,Anthologie des Grilles de Jazz,653
A Porters Love Song To A Chambermaid,Anthologie des Grilles de Jazz,653
Portrait Of Jennie,Anthologie des Grilles de Jazz,654
Potato Head Blues,Anthologie des Grilles de Jazz,655
The Preacher,Anthologie des Grilles de Jazz,656
Prelude To A Kiss,Anthologie des Grilles de Jazz,656
Premier Bal,Anthologie des Grilles de Jazz,657
Pretty Baby,Anthologie des Grilles de Jazz,658
A Pretty Girl Is Like A Melody,Anthologie des Grilles de Jazz,659
Prince Of Wails,Anthologie des Grilles de Jazz,660
Prisoner Of Love,Anthologie des Grilles de Jazz,661
Promenade Aux Champs-Elysees,Anthologie des Grilles de Jazz,661
P.S. I Love You,Anthologie des Grilles de Jazz,662
Put On A Happy Face,Anthologie des Grilles de Jazz,662
Put On Your Old Greay Bonnet,Anthologie des Grilles de Jazz,663
Puttin On The Ritz,Anthologie des Grilles de Jazz,664
Really The Blues,Anthologie des Grilles de Jazz,665
Raggin'  The Scale,Anthologie des Grilles de Jazz,672
Rain,Anthologie des Grilles de Jazz,666
Raincheck,Anthologie des Grilles de Jazz,666
Ray's Idea,Anthologie des Grilles de Jazz,668
Ready For The River,Anthologie des Grilles de Jazz,668
Recado Bossa Nova,Anthologie des Grilles de Jazz,667
Red Cross,Anthologie des Grilles de Jazz,670
Red Hot Mamma,Anthologie des Grilles de Jazz,670
Red River Valley,Anthologie des Grilles de Jazz,669
Red Roses For A Blue Lady,Anthologie des Grilles de Jazz,669
Red Sails In The Sunset,Anthologie des Grilles de Jazz,671
Red Top,Anthologie des Grilles de Jazz,671
Relaxin' At Camarillo,Anthologie des Grilles de Jazz,671
Ren Party Blues,Anthologie des Grilles de Jazz,673
Revolutionary Blues,Anthologie des Grilles de Jazz,675
If I Had Rhythm In My Nursery Rhymes,Anthologie des Grilles de Jazz,674
Rhythm Is Our Business,Anthologie des Grilles de Jazz,674
Rhythm-A-Ning,Anthologie des Grilles de Jazz,675
Ring Dem Bells,Anthologie des Grilles de Jazz,676
Ride Red Ride,Anthologie des Grilles de Jazz,676
River Boat Shuffle,Anthologie des Grilles de Jazz,677
River Stay 'Way From My Door,Anthologie des Grilles de Jazz,678
Riverside Blues,Anthologie des Grilles de Jazz,679
Robbins Nest,Anthologie des Grilles de Jazz,678
Rock-A-Bye Your Baby With A Dixie Melody,Anthologie des Grilles de Jazz,680
Rockin' Chair,Anthologie des Grilles de Jazz,680
Rockin' In Rhythm,Anthologie des Grilles de Jazz,681
"Roll On Mississippi, Roll On",Anthologie des Grilles de Jazz,682
Room Rent Blues,Anthologie des Grilles de Jazz,683
Rosalie,Anthologie des Grilles de Jazz,684
Rose Marie,Anthologie des Grilles de Jazz,685
Rose Of The Rio Grande,Anthologie des Grilles de Jazz,685
Rose Of Washington Square,Anthologie des Grilles de Jazz,686
Rose Room,Anthologie des Grilles de Jazz,686
Roses Of Picardy,Anthologie des Grilles de Jazz,687
Rosetta,Anthologie des Grilles de Jazz,687
Round About Midnight,Anthologie des Grilles de Jazz,688
Route 66,Anthologie des Grilles de Jazz,689
Royal Garden Blues,Anthologie des Grilles de Jazz,690
Ruby,Anthologie des Grilles de Jazz,691
Running Wild,Anthologie des Grilles de Jazz,692
Russian Lullaby,Anthologie des Grilles de Jazz,693
Sack O' Woe,Anthologie des Grilles de Jazz,693
A Sailboat In The Moonlight,Anthologie des Grilles de Jazz,694
Sain James Infirmary Blues,Anthologie des Grilles de Jazz,694
Sain Louis Blues,Anthologie des Grilles de Jazz,695
Saint Thomas,Anthologie des Grilles de Jazz,695
Salt Peanuts,Anthologie des Grilles de Jazz,696
Salty Dog,Anthologie des Grilles de Jazz,696
San,Anthologie des Grilles de Jazz,699
San Antonio Rose,Anthologie des Grilles de Jazz,700
San Francisco,Anthologie des Grilles de Jazz,697
Sandu,Anthologie des Grilles de Jazz,700
Santa Claus Blues,Anthologie des Grilles de Jazz,701
Santa Claus Is Coming To Town,Anthologie des Grilles de Jazz,702
Satan Takes A Holiday,Anthologie des Grilles de Jazz,702
Satanic Blues,Anthologie des Grilles de Jazz,703
Saturday Night Function,Anthologie des Grilles de Jazz,705
Saturday Night Is The Loneliest Night In The Week,Anthologie des Grilles de Jazz,704
Save It Pretty Mama,Anthologie des Grilles de Jazz,706
Save Your Sorrow,Anthologie des Grilles de Jazz,706
Savoy Blues,Anthologie des Grilles de Jazz,707
Saxxxxxri Stomp,Anthologie des Grilles de Jazz,708
Say It Isn't So,Anthologie des Grilles de Jazz,707
Scrapple From The Apple,Anthologie des Grilles de Jazz,709
Second Time Around,Anthologie des Grilles de Jazz,709
Secret Love,Anthologie des Grilles de Jazz,710
See See Rider Blues,Anthologie des Grilles de Jazz,710
Senor Blues,Anthologie des Grilles de Jazz,711
Sensation,Anthologie des Grilles de Jazz,711
Sent For You Yesterday,Anthologie des Grilles de Jazz,712
Sentimental Baby,Anthologie des Grilles de Jazz,712
Sentimental Journey,Anthologie des Grilles de Jazz,713
September In The Rain,Anthologie des Grilles de Jazz,713
September Song,Anthologie des Grilles de Jazz,714
Serenade In Blue,Anthologie des Grilles de Jazz,714
Sermonette,Anthologie des Grilles de Jazz,715
Seven Come Eleven,Anthologie des Grilles de Jazz,715
The Shadow Of Your Smile,Anthologie des Grilles de Jazz,716
Shake It And Break It,Anthologie des Grilles de Jazz,717
Shake That Thing,Anthologie des Grilles de Jazz,718
Shanghai Shuffle,Anthologie des Grilles de Jazz,718
The Sheik Of Araby,Anthologie des Grilles de Jazz,719
She's Funny That Way,Anthologie des Grilles de Jazz,720
Shim-Me Sha Wabble,Anthologie des Grilles de Jazz,721
Shine,Anthologie des Grilles de Jazz,721
Shine On Harvest ...,Anthologie des Grilles de Jazz,722
Shiny Stockings,Anthologie des Grilles de Jazz,722
Shoe Shine Boy,Anthologie des Grilles de Jazz,723
Shorty George,Anthologie des Grilles de Jazz,723
Should I,Anthologie des Grilles de Jazz,724
Shout'Em Aunt Tillie,Anthologie des Grilles de Jazz,724
Show Me The Way To Go Home,Anthologie des Grilles de Jazz,725
Side By Side,Anthologie des Grilles de Jazz,726
Sidewalk Blues,Anthologie des Grilles de Jazz,727
Sidewalks Of New York,Anthologie des Grilles de Jazz,728
Since My Best Gal Turned Me Down,Anthologie des Grilles de Jazz,729
"Sing, Sing, Sing With A Swing",Anthologie des Grilles de Jazz,730
Sing You Sinners,Anthologie des Grilles de Jazz,730
Singin' In The Rain,Anthologie des Grilles de Jazz,731
Singing The Blues,Anthologie des Grilles de Jazz,731
A Sinner Kissed An Angel,Anthologie des Grilles de Jazz,732
Sister Sadie,Anthologie des Grilles de Jazz,732
Six Or Seven Times,Anthologie des Grilles de Jazz,733
Skid-Da-De-Dat,Anthologie des Grilles de Jazz,733
Skylark,Anthologie des Grilles de Jazz,734
Slap That Bass,Anthologie des Grilles de Jazz,734
Sleep,Anthologie des Grilles de Jazz,735
Sleepy Lagoon,Anthologie des Grilles de Jazz,735
Sleepy Time Gal,Anthologie des Grilles de Jazz,736
Small Fry,Anthologie des Grilles de Jazz,737
Smile Xxxx It Smile,Anthologie des Grilles de Jazz,738
Smiles,Anthologie des Grilles de Jazz,738
Smoke Gets In Your Eyes,Anthologie des Grilles de Jazz,739
Smoke Rings,Anthologie des Grilles de Jazz,739
Smoky Mokes,Anthologie des Grilles de Jazz,740
A Smooth One,Anthologie des Grilles de Jazz,741
Snag It,Anthologie des Grilles de Jazz,741
Snake Rag,Anthologie des Grilles de Jazz,742
Snake(S) Hips,Anthologie des Grilles de Jazz,743
So Beats My Heart For You,Anthologie des Grilles de Jazz,751
So In Love,Anthologie des Grilles de Jazz,744
So Rare,Anthologie des Grilles de Jazz,745
So Sorry Please,Anthologie des Grilles de Jazz,749
So What,Anthologie des Grilles de Jazz,746
Sobbin' Blues,Anthologie des Grilles de Jazz,747
Soft Winds,Anthologie des Grilles de Jazz,744
Softly As In The Morning Sunrise,Anthologie des Grilles de Jazz,751
Solar,Anthologie des Grilles de Jazz,752
Solitude,Anthologie des Grilles de Jazz,752
Some Of These Days,Anthologie des Grilles de Jazz,754
Some Other Spring,Anthologie des Grilles de Jazz,756
Somebody Else Is Taking My Place,Anthologie des Grilles de Jazz,752
Somebody Loves Me,Anthologie des Grilles de Jazz,753
Somebody Stole My Gal,Anthologie des Grilles de Jazz,753
Someday My Prince WI'll Come,Anthologie des Grilles de Jazz,754
Someday Sweetheart,Anthologie des Grilles de Jazz,755
Someone To Watch Over Me,Anthologie des Grilles de Jazz,756
Something To Live For,Anthologie des Grilles de Jazz,757
Something To Remember You By,Anthologie des Grilles de Jazz,757
Sometimes I'm Happy,Anthologie des Grilles de Jazz,758
The Song Is Ended,Anthologie des Grilles de Jazz,759
The Song Is You,Anthologie des Grilles de Jazz,759
Song Of The Islands,Anthologie des Grilles de Jazz,760
Song Of The Wanderer,Anthologie des Grilles de Jazz,760
Sonny Boy,Anthologie des Grilles de Jazz,761
Sophisticated Lady,Anthologie des Grilles de Jazz,762
Sorry,Anthologie des Grilles de Jazz,763
South,Anthologie des Grilles de Jazz,749
South Of The Border,Anthologie des Grilles de Jazz,764
So Sorry Please,Anthologie des Grilles de Jazz,765
Southern Sunsets,Anthologie des Grilles de Jazz,766
Spanish Shawl,Anthologie des Grilles de Jazz,767
Speak Low,Anthologie des Grilles de Jazz,768
S'Posin,Anthologie des Grilles de Jazz,769
Spring Is Here,Anthologie des Grilles de Jazz,769
Spring Will Be A Little Later This Year,Anthologie des Grilles de Jazz,770
Squatty Roo,Anthologie des Grilles de Jazz,770
Squeeze Me,Anthologie des Grilles de Jazz,772
Stablemates,Anthologie des Grilles de Jazz,771
Stairway To The Stars,Anthologie des Grilles de Jazz,772
Stampede,Anthologie des Grilles de Jazz,773
Star Eyes,Anthologie des Grilles de Jazz,774
Stardust,Anthologie des Grilles de Jazz,775
Stars Fell On Alabama,Anthologie des Grilles de Jazz,774
Staxxx Sxxxx,Anthologie des Grilles de Jazz,776
Stay As Sweet As You Are,Anthologie des Grilles de Jazz,777
Stealin Apples,Anthologie des Grilles de Jazz,777
Steamboat Stomp,Anthologie des Grilles de Jazz,778
Steeple Chase,Anthologie des Grilles de Jazz,779
Stella By Starlight,Anthologie des Grilles de Jazz,779
Stolen Moments,Anthologie des Grilles de Jazz,780
Stomp Jones,Anthologie des Grilles de Jazz,781
Stomp Off Let's Go,Anthologie des Grilles de Jazz,782
Stompin At The Savoy,Anthologie des Grilles de Jazz,781
Stormy Weather,Anthologie des Grilles de Jazz,783
Straight No Chaser,Anthologie des Grilles de Jazz,783
Strange Fruit,Anthologie des Grilles de Jazz,784
Stranger On The Shore,Anthologie des Grilles de Jazz,784
Street Of Dreams,Anthologie des Grilles de Jazz,785
Strike Up The Band,Anthologie des Grilles de Jazz,785
Strollin,Anthologie des Grilles de Jazz,786
Strut Miss Lizzie,Anthologie des Grilles de Jazz,877
Struttin' With Some Barbecue,Anthologie des Grilles de Jazz,787
Stuffy,Anthologie des Grilles de Jazz,788
Stumbling,Anthologie des Grilles de Jazz,788
Sugar,Anthologie des Grilles de Jazz,791
Sugar Blues,Anthologie des Grilles de Jazz,789
Sugar Foot Strut,Anthologie des Grilles de Jazz,790
Sultry Serenade,Anthologie des Grilles de Jazz,792
Summertime,Anthologie des Grilles de Jazz,793
Sunday,Anthologie des Grilles de Jazz,794
A Sunday Kind Of Love,Anthologie des Grilles de Jazz,793
Sunny,Anthologie des Grilles de Jazz,792
Sunset Cafe Stomp,Anthologie des Grilles de Jazz,796
The Surrey With A Fringe On Top,Anthologie des Grilles de Jazz,797
Swanee,Anthologie des Grilles de Jazz,798
Swanee River,Anthologie des Grilles de Jazz,798
Sweedish Pastry,Anthologie des Grilles de Jazz,799
Sweet And Hot,Anthologie des Grilles de Jazz,799
Sweet And Lovely,Anthologie des Grilles de Jazz,800
Sweet And Slow,Anthologie des Grilles de Jazz,800
Sweet Emmalina,Anthologie des Grilles de Jazz,801
Sweet Georgia Brown,Anthologie des Grilles de Jazz,802
Sweethearts On Parade,Anthologie des Grilles de Jazz,803
Sweet Lorrain,Anthologie des Grilles de Jazz,803
Sweet Mamma,Anthologie des Grilles de Jazz,804
Sweet Man,Anthologie des Grilles de Jazz,805
Sweet Savannah Sue,Anthologie des Grilles de Jazz,806
Sweet Substitute,Anthologie des Grilles de Jazz,807
Sweet Sue,Anthologie des Grilles de Jazz,807
The Sweetheart Of Sigma Chi,Anthologie des Grilles de Jazz,808
Swing 39,Anthologie des Grilles de Jazz,810
Swing 42,Anthologie des Grilles de Jazz,811
Swing Brothers Swing,Anthologie des Grilles de Jazz,811
Swing Guitar(s),Anthologie des Grilles de Jazz,812
Swing Low Sweet Chariot,Anthologie des Grilles de Jazz,814
Swingin' Down The Lane,Anthologie des Grilles de Jazz,812
S'Wonderfull,Anthologie des Grilles de Jazz,815
Tailgate Ramble,Anthologie des Grilles de Jazz,816
T Ain't Nobodys Bizness If I Do,Anthologie des Grilles de Jazz,817
T Ain't What You Do It's The Way That Cha Do It,Anthologie des Grilles de Jazz,817
Take Five,Anthologie des Grilles de Jazz,818
Take The A Train,Anthologie des Grilles de Jazz,818
Take Your Tomorrow And Give Me Today,Anthologie des Grilles de Jazz,819
Taking A Chance On Love,Anthologie des Grilles de Jazz,819
Tampeekoe,Anthologie des Grilles de Jazz,820
Tangerine,Anthologie des Grilles de Jazz,821
Taps Miller,Anthologie des Grilles de Jazz,821
Tea For Two,Anthologie des Grilles de Jazz,822
Temptation Rag,Anthologie des Grilles de Jazz,823
Temptation,Anthologie des Grilles de Jazz,824
Tenderly,Anthologie des Grilles de Jazz,825
Terrible Blues,Anthologie des Grilles de Jazz,825
Texas Moaner Blues,Anthologie des Grilles de Jazz,826
Thanks A Million,Anthologie des Grilles de Jazz,826
Thanks For The Memory,Anthologie des Grilles de Jazz,827
That Da Da Strain,Anthologie des Grilles de Jazz,827
That Lucky Old Sun,Anthologie des Grilles de Jazz,828
That Old Black Magic,Anthologie des Grilles de Jazz,829
That Old Feeling,Anthologie des Grilles de Jazz,828
That Old Gang Of Mine,Anthologie des Grilles de Jazz,830
That Rhythm Man,Anthologie des Grilles de Jazz,831
That's A Plenty,Anthologie des Grilles de Jazz,830
That's All,Anthologie des Grilles de Jazz,831
That's My Desire,Anthologie des Grilles de Jazz,832
That's My Hope,Anthologie des Grilles de Jazz,832
That's My Weakness Now,Anthologie des Grilles de Jazz,833
Then I'll Be Happy,Anthologie des Grilles de Jazz,834
The Boy Next Door,Anthologie des Grilles de Jazz,98
The More I See You,Anthologie des Grilles de Jazz,835
The Theme,Anthologie des Grilles de Jazz,836
Moppin' And Boppin',Anthologie des Grilles de Jazz,835
Them There Eyes,Anthologie des Grilles de Jazz,836
Tour De Force,Anthologie des Grilles de Jazz,837
There Is No Greater Love,Anthologie des Grilles de Jazz,838
There Will Never Be Another You,Anthologie des Grilles de Jazz,839
There'll Be Some Changes Made,Anthologie des Grilles de Jazz,838
There's A Rainbow 'Round My Shoulder,Anthologie des Grilles de Jazz,840
There's A Small Hotel,Anthologie des Grilles de Jazz,841
Theres A Xxx In My Life,Anthologie des Grilles de Jazz,840
These Foolish Things,Anthologie des Grilles de Jazz,839
They All Laughed,Anthologie des Grilles de Jazz,842
They Cant Take That Away From Me,Anthologie des Grilles de Jazz,843
They Didn't Believe Me,Anthologie des Grilles de Jazz,843
They Say It's Wonderful,Anthologie des Grilles de Jazz,844
Things Ain't What They Used To Be,Anthologie des Grilles de Jazz,844
Things We Did Last Summer,Anthologie des Grilles de Jazz,845
This Can't Be Love,Anthologie des Grilles de Jazz,845
This Is Always,Anthologie des Grilles de Jazz,846
This Love Of Mine,Anthologie des Grilles de Jazz,846
This Year's Kisses,Anthologie des Grilles de Jazz,846
Thou Swell,Anthologie des Grilles de Jazz,847
Three Little Words,Anthologie des Grilles de Jazz,847
The Thrill Is Gone,Anthologie des Grilles de Jazz,847
Ti-Pi-Tin,Anthologie des Grilles de Jazz,848
Tia Juana,Anthologie des Grilles de Jazz,849
Tickle Toe,Anthologie des Grilles de Jazz,850
Tiger Rag,Anthologie des Grilles de Jazz,851
Till There Was You,Anthologie des Grilles de Jazz,850
Till We Meet Again,Anthologie des Grilles de Jazz,852
Time After Time,Anthologie des Grilles de Jazz,852
Time On My Hands,Anthologie des Grilles de Jazz,853
Time Was,Anthologie des Grilles de Jazz,853
Tin Roof Blues,Anthologie des Grilles de Jazz,854
Tin Tin Deo,Anthologie des Grilles de Jazz,854
Tis Autumn,Anthologie des Grilles de Jazz,855
Tishamingo Blues,Anthologie des Grilles de Jazz,856
A Tisket A Tasket,Anthologie des Grilles de Jazz,856
To Each His Own,Anthologie des Grilles de Jazz,857
Together,Anthologie des Grilles de Jazz,857
Tom Cat Blues,Anthologie des Grilles de Jazz,858
Too Busy,Anthologie des Grilles de Jazz,859
Too Close For Comfort,Anthologie des Grilles de Jazz,860
Too Late Now,Anthologie des Grilles de Jazz,860
Too Marvelous For Words,Anthologie des Grilles de Jazz,861
Toot  Toot  Tootsie,Anthologie des Grilles de Jazz,861
"Top Ha0t, White Tie And Tails",Anthologie des Grilles de Jazz,862
Topsy,Anthologie des Grilles de Jazz,862
Tour De Force,Anthologie des Grilles de Jazz,863
Travlin' All Alone,Anthologie des Grilles de Jazz,864
Travlin' Light,Anthologie des Grilles de Jazz,864
Trees,Anthologie des Grilles de Jazz,865
Trombone Rag,Anthologie des Grilles de Jazz,866
Trouble In Mind,Anthologie des Grilles de Jazz,865
Truckin',Anthologie des Grilles de Jazz,867
True Blue Lou,Anthologie des Grilles de Jazz,868
Try A Little Tenderness,Anthologie des Grilles de Jazz,868
Tune Up,Anthologie des Grilles de Jazz,869
Turn On The Heat,Anthologie des Grilles de Jazz,869
Tutti Frutti,Anthologie des Grilles de Jazz,869
Tuxedo Junction,Anthologie des Grilles de Jazz,870
Twelfth Street Rag,Anthologie des Grilles de Jazz,870
Two Sleepy People,Anthologie des Grilles de Jazz,871
Two: Nineteen (219) Blues,Anthologie des Grilles de Jazz,871
Undecided,Anthologie des Grilles de Jazz,872
Under A Blanket Of Blue,Anthologie des Grilles de Jazz,872
Unforgettable,Anthologie des Grilles de Jazz,873
Until The Real Thing Comes Along,Anthologie des Grilles de Jazz,873
Valse Hot,Anthologie des Grilles de Jazz,874
Varsity Drag,Anthologie des Grilles de Jazz,874
The Very Thought Of You,Anthologie des Grilles de Jazz,875
La Vie En Rose,Anthologie des Grilles de Jazz,875
Violets For Your Furs,Anthologie des Grilles de Jazz,876
Volare,Anthologie des Grilles de Jazz,877
Wabash Blues,Anthologie des Grilles de Jazz,878
Waiting At The End Of The Road,Anthologie des Grilles de Jazz,879
Waiting For The Robert E. Lee,Anthologie des Grilles de Jazz,880
We Shall Walk Through The Streets Of The City,Anthologie des Grilles de Jazz,881
Walkin',Anthologie des Grilles de Jazz,880
Walkin' Shoes,Anthologie des Grilles de Jazz,881
Walking My Baby Back Home,Anthologie des Grilles de Jazz,882
The Wang Wang Blues,Anthologie des Grilles de Jazz,883
Warm Valley,Anthologie des Grilles de Jazz,884
Washboard Wiggles,Anthologie des Grilles de Jazz,884
Washington And Lee Swing,Anthologie des Grilles de Jazz,885
Watch What Happens,Anthologie des Grilles de Jazz,886
Watermelon Man,Anthologie des Grilles de Jazz,886
Wave,Anthologie des Grilles de Jazz,887
Way Down Yonder In New Orleans,Anthologie des Grilles de Jazz,888
The Way You Look Tonight,Anthologie des Grilles de Jazz,889
We Three,Anthologie des Grilles de Jazz,890
Weary Blues,Anthologie des Grilles de Jazz,891
Weary Way Blues,Anthologie des Grilles de Jazz,892
Weather Bird Rag,Anthologie des Grilles de Jazz,893
Wee,Anthologie des Grilles de Jazz,892
Wee-dot,Anthologie des Grilles de Jazz,894
We'll Be Together Again,Anthologie des Grilles de Jazz,894
Well You Needn't,Anthologie des Grilles de Jazz,895
West Coast Blues,Anthologie des Grilles de Jazz,895
West End Blues,Anthologie des Grilles de Jazz,896
What A Difference A Day Made,Anthologie des Grilles de Jazz,898
What A Litle Moonlight Can Do,Anthologie des Grilles de Jazz,898
What Am I Here For,Anthologie des Grilles de Jazz,899
What Are You Doing The Rest Of Your Life,Anthologie des Grilles de Jazz,899
What Can I Say After I Say I'm Sorry,Anthologie des Grilles de Jazz,900
What Good Am I Without You,Anthologie des Grilles de Jazz,900
What Is There To Say,Anthologie des Grilles de Jazz,901
What Is This Thing Called Love,Anthologie des Grilles de Jazz,901
What Kind Of Fool Am I,Anthologie des Grilles de Jazz,902
What'll I Do,Anthologie des Grilles de Jazz,902
What's New,Anthologie des Grilles de Jazz,903
What's The Reason,Anthologie des Grilles de Jazz,903
When A Woman Loves A Man,Anthologie des Grilles de Jazz,904
When Buddha Smiles,Anthologie des Grilles de Jazz,905
When Erastus Plays His Old Kazoo,Anthologie des Grilles de Jazz,905
When Day Is Done,Anthologie des Grilles de Jazz,906
When I Fall In Love,Anthologie des Grilles de Jazz,907
When I Grow Too Old To Dream,Anthologie des Grilles de Jazz,907
When I Take My Sugar To Tea,Anthologie des Grilles de Jazz,908
When It's Sleepy Time Down South,Anthologie des Grilles de Jazz,908
When Johnny Comes Marchin Home,Anthologie des Grilles de Jazz,909
When Lights Are Low,Anthologie des Grilles de Jazz,909
When My Baby Smiles At Me,Anthologie des Grilles de Jazz,910
When My Dreamboat Comes Home,Anthologie des Grilles de Jazz,910
When My Sugar Walks Down The Strret,Anthologie des Grilles de Jazz,911
When Sunny Gets Blue,Anthologie des Grilles de Jazz,911
When The Red Red Robin Comes,Anthologie des Grilles de Jazz,912
When The Saints Go Marching In,Anthologie des Grilles de Jazz,912
When You And I Were Young Maggie,Anthologie des Grilles de Jazz,913
When You Wish Upon A Star,Anthologie des Grilles de Jazz,914
When You Wore A Tulip,Anthologie des Grilles de Jazz,915
When Youre Smiling,Anthologie des Grilles de Jazz,913
Where Are You,Anthologie des Grilles de Jazz,914
Where Is The Sun,Anthologie des Grilles de Jazz,919
Where Or When,Anthologie des Grilles de Jazz,919
Whiffenpoof Song,Anthologie des Grilles de Jazz,920
While We'Re Young,Anthologie des Grilles de Jazz,921
Whisper Not,Anthologie des Grilles de Jazz,922
Whispering,Anthologie des Grilles de Jazz,921
White Christmas,Anthologie des Grilles de Jazz,922
Who,Anthologie des Grilles de Jazz,923
Who Can I Turn To,Anthologie des Grilles de Jazz,923
Who Cares,Anthologie des Grilles de Jazz,924
Who Walks In When I Walk Out,Anthologie des Grilles de Jazz,924
Whoa Babe,Anthologie des Grilles de Jazz,926
Who's Sorry Now,Anthologie des Grilles de Jazz,927
Why Don't You Do Right,Anthologie des Grilles de Jazz,928
Why Was I Born,Anthologie des Grilles de Jazz,928
Wild Cat Blues,Anthologie des Grilles de Jazz,929
Wild Man Blues,Anthologie des Grilles de Jazz,930
Will You Still Be Mine,Anthologie des Grilles de Jazz,933
Willie The Weeper,Anthologie des Grilles de Jazz,931
Willow Weep For Me,Anthologie des Grilles de Jazz,932
Winin' Boy Blues,Anthologie des Grilles de Jazz,933
Winter Wonderland,Anthologie des Grilles de Jazz,934
Witchcraft,Anthologie des Grilles de Jazz,934
With A Song In My Heart,Anthologie des Grilles de Jazz,935
Without A Song,Anthologie des Grilles de Jazz,935
Wolverine Blues,Anthologie des Grilles de Jazz,936
Woody'n You,Anthologie des Grilles de Jazz,938
Work Song,Anthologie des Grilles de Jazz,937
Working Man Blues,Anthologie des Grilles de Jazz,938
World Is Waiting For The Sunrise,Anthologie des Grilles de Jazz,937
Would You Like To Take A Walk,Anthologie des Grilles de Jazz,939
Wrap Your Troubles In Dreams,Anthologie des Grilles de Jazz,940
You Made Me Love You,Anthologie des Grilles de Jazz,941
You Make Me Feel So Young,Anthologie des Grilles de Jazz,941
Yaaka Hula Xxxx Xxx,Anthologie des Grilles de Jazz,942
Yardbird Suite,Anthologie des Grilles de Jazz,943
Yellow Dog Blues,Anthologie des Grilles de Jazz,944
Yes Sir That's My Baby,Anthologie des Grilles de Jazz,943
Yesterdays,Anthologie des Grilles de Jazz,944
Yes We Have No Bananas,Anthologie des Grilles de Jazz,945
You Always Hurt The One You Love,Anthologie des Grilles de Jazz,945
You And The Night And The Music,Anthologie des Grilles de Jazz,946
You Are My Lucky Star,Anthologie des Grilles de Jazz,946
You Are My Sunshine,Anthologie des Grilles de Jazz,947
You Are The Sunshine Of My Life,Anthologie des Grilles de Jazz,947
You Are Too Beautiful,Anthologie des Grilles de Jazz,948
You Better Go Now,Anthologie des Grilles de Jazz,948
You Brought A New Kind Of Love,Anthologie des Grilles de Jazz,949
You Call It Madness,Anthologie des Grilles de Jazz,950
You Can Depend On Me,Anthologie des Grilles de Jazz,950
You Cant Do What My Last Man Did,Anthologie des Grilles de Jazz,951
You Do Something To Me,Anthologie des Grilles de Jazz,952
You Leave Me Breathless,Anthologie des Grilles de Jazz,952
You Made Me Love You,Anthologie des Grilles de Jazz,953
You Make Me Feel So Young,Anthologie des Grilles de Jazz,953
You Must Have Been A Beautiful Baby,Anthologie des Grilles de Jazz,954
You Rascal You,Anthologie des Grilles de Jazz,955
You Showed Me The Way,Anthologie des Grilles de Jazz,956
You Stepped Out Of A Dream,Anthologie des Grilles de Jazz,956
You Took Advantage Of Me,Anthologie des Grilles de Jazz,957
You Turned The Tables On Me,Anthologie des Grilles de Jazz,958
You Were Meant For Me,Anthologie des Grilles de Jazz,959
Younger Than Springtime,Anthologie des Grilles de Jazz,954
Your Cheatin' Heart,Anthologie des Grilles de Jazz,961
Youre A Lucky Guy,Anthologie des Grilles de Jazz,961
Youre Lucky To Me,Anthologie des Grilles de Jazz,963
You're Mine You,Anthologie des Grilles de Jazz,963
You're My Everything,Anthologie des Grilles de Jazz,964
You're My Thrill,Anthologie des Grilles de Jazz,964
You're Next,Anthologie des Grilles de Jazz,965
You're Nobody TI'll Somebody Loves You,Anthologie des Grilles de Jazz,966
You're Not The Kind,Anthologie des Grilles de Jazz,966
You're The Cream In My Coffee,Anthologie des Grilles de Jazz,967
You're The Top,Anthologie des Grilles de Jazz,967
Yours And Mine,Anthologie des Grilles de Jazz,968
Yours Is My Heart Alone,Anthologie des Grilles de Jazz,968
You've Changed,Anthologie des Grilles de Jazz,969
You Were Meant For Me,Anthologie des Grilles de Jazz,969
You've Got To See Mamma Ev'ry Night,Anthologie des Grilles de Jazz,970
Zing! Went The Strings Of My Heart,Anthologie des Grilles de Jazz,971
Zonky,Anthologie des Grilles de Jazz,972
Zulu Wail,Anthologie des Grilles de Jazz,972