Across The Universe,Beatles Complete,26
All I've Got To Do,Beatles Complete,25
All My Loving,Beatles Complete,28
All Together Now,Beatles Complete,29
All You Need Is Love,Beatles Complete,30
And I Love Her,Beatles Complete,31
And Your Bird Can Sing,Beatles Complete,32
Another Day,Beatles Complete,34
Another Girl,Beatles Complete,33
Any Time At Ail,Beatles Complete,36
Baby You’re A Rich Man,Beatles Complete,37
Baby’s In Black,Beatles Complete,38
Back In The USSR,Beatles Complete,39
The Ballad Of John And Yoko,Beatles Complete,40
Because,Beatles Complete,41
Being For The Benefit Of Mr. Kite,Beatles Complete,42
Birthday,Beatles Complete,43
Blackbird,Beatles Complete,44
Blue Jay Way,Beatles Complete,45
Can’t Buy Me Love,Beatles Complete,46
Carry That Weight,Beatles Complete,47
Come Together,Beatles Complete,48
(The) Continuing Story Of Bungalow Bill,Beatles Complete,49
Cry Baby Cry,Beatles Complete,50
(A) Day In The Life,Beatles Complete,51
Day Tripper,Beatles Complete,52
Dear Prudence,Beatles Complete,53
Dig A Pony,Beatles Complete,54
Don’t Let Me Down,Beatles Complete,55
Dr. Robert,Beatles Complete,56
Drive My Car,Beatles Complete,57
Eight Days A Week,Beatles Complete,58
Eleanor Rigby,Beatles Complete,59
The End,Beatles Complete,60
Every Little Thing,Beatles Complete,61
Everybody’s Got Something To Hide Except Me And My Monkey,Beatles Complete,62
Fixing A Hole,Beatles Complete,63
Flying,Beatles Complete,64
(The) Fool On The Hill,Beatles Complete,65
For No One,Beatles Complete,66
From A Window,Beatles Complete,67
From Me To You,Beatles Complete,68
Get Back,Beatles Complete,69
Getting Better,Beatles Complete,70
Girl,Beatles Complete,71
Give Peace A Chance,Beatles Complete,72
Glass Onion,Beatles Complete,73
Golden Slumbers,Beatles Complete,74
Good Day Sunshine,Beatles Complete,75
"Good Morning, Good Morning",Beatles Complete,76
Good Night,Beatles Complete,77
Goodbye,Beatles Complete,78
Got To Get You Into My Life,Beatles Complete,79
Happiness Is A Warm Gun,Beatles Complete,80
(A) Hard Day’s Night,Beatles Complete,82
Hello Goodbye,Beatles Complete,83
Hello Little Girl,Beatles Complete,84
Help!,Beatles Complete,85
Helter Skelter,Beatles Complete,86
Her Majesty,Beatles Complete,87
"Here, There And Everywhere",Beatles Complete,88
Hey Bulldog,Beatles Complete,89
Hey Jude,Beatles Complete,90
Hold Me Tight,Beatles Complete,91
Honey Pie,Beatles Complete,92
I Am The Walrus,Beatles Complete,93
I Call Your Name,Beatles Complete,94
I Don’t Want To See You Again,Beatles Complete,95
I Don’t Want To Spoil The Party,Beatles Complete,96
I Feel Fine,Beatles Complete,97
I Need You,Beatles Complete,98
I Saw Her Standing There,Beatles Complete,99
I Should Have Known Better,Beatles Complete,100
I Wanna Be Your Man,Beatles Complete,101
I Want To Hold Your Hand,Beatles Complete,102
I Want To Tell You,Beatles Complete,103
I Want You (She’s So Heavy),Beatles Complete,104
I Will,Beatles Complete,105
If I Fell,Beatles Complete,106
If I Needed Someone,Beatles Complete,107
I’ll Be Back,Beatles Complete,108
I’ll Cry Instead,Beatles Complete,109
I’ll Follow The Sun,Beatles Complete,110
I'll Get You,Beatles Complete,111
I’m A Loser,Beatles Complete,112
I’m Down,Beatles Complete,113
I’m Happy Just To Dance With You,Beatles Complete,114
I’m In Love,Beatles Complete,115
I’m Looking Through You,Beatles Complete,116
I’m Only Sleeping,Beatles Complete,117
I’m So Tired,Beatles Complete,118
In My Life,Beatles Complete,119
(The) Inner Light,Beatles Complete,120
It Won’t Be Long,Beatles Complete,121
It’s All Too Much,Beatles Complete,122
It’s For You,Beatles Complete,123
I’ve Got A Feeling,Beatles Complete,124
It’s Only Love,Beatles Complete,126
I’ve Just Seen A Face,Beatles Complete,127
Julia,Beatles Complete,128
Lady Madonna,Beatles Complete,129
Let It Be,Beatles Complete,130
Like Dreamers Do,Beatles Complete,131
Little Child,Beatles Complete,132
Love Of The Loved,Beatles Complete,133
Love You To,Beatles Complete,134
Lovely Rita,Beatles Complete,135
Lucy In The Sky With Diamonds,Beatles Complete,136
Magical Mystery Tour,Beatles Complete,137
Martha My Dear,Beatles Complete,138
Maxwell’s Silver Hammer,Beatles Complete,139
Mean Mr. Mustard,Beatles Complete,140
Michelle,Beatles Complete,141
Misery,Beatles Complete,142
Mother Nature’s Son,Beatles Complete,143
(The) Night Before,Beatles Complete,144
No Reply,Beatles Complete,145
Nobody I Know,Beatles Complete,146
Norwegian Wood,Beatles Complete,147
Not A Second Time,Beatles Complete,148
Nowhere Man,Beatles Complete,149
Ob-La-Di Ob-La-Da,Beatles Complete,150
Oh! Darling,Beatles Complete,151
One After 909,Beatles Complete,152
Only A Northern Song,Beatles Complete,153
Paperback Writer,Beatles Complete,154
Penny Lane,Beatles Complete,155
Polythene Pam,Beatles Complete,156
Power To The People,Beatles Complete,157
Rain,Beatles Complete,158
Revolution,Beatles Complete,159
Rocky Raccoon,Beatles Complete,160
Run For Your Life,Beatles Complete,161
Sexy Sadie,Beatles Complete,162
Sgt. Pepper’s Lonely Hearts Club Band,Beatles Complete,163
She Came In Through The Bathroom Window,Beatles Complete,164
She Loves You,Beatles Complete,165
She Said She Said,Beatles Complete,166
She’s A Woman,Beatles Complete,167
She’s Leaving Home,Beatles Complete,168
Step Inside Love,Beatles Complete,169
Strawberry Fields Forever,Beatles Complete,170
Sun King,Beatles Complete,171
Taxman,Beatles Complete,172
Tell Me What You See,Beatles Complete,173
Tell Me Why,Beatles Complete,174
Thank You Girl,Beatles Complete,175
There’s A Place,Beatles Complete,176
Things We Said Today,Beatles Complete,177
Think For Yourself,Beatles Complete,178
This Boy,Beatles Complete,179
Ticket To Ride,Beatles Complete,180
Tip Of My Tongue,Beatles Complete,181
Tomorrow Never Knows,Beatles Complete,182
Two Of Us,Beatles Complete,183
Wait,Beatles Complete,184
We Can Work It Out,Beatles Complete,185
What Goes On,Beatles Complete,186
What You’re Doing,Beatles Complete,187
When I Get Home,Beatles Complete,188
When I’m Sixty-Four,Beatles Complete,189
With A Little Help From My Friends,Beatles Complete,190
Within You Without You,Beatles Complete,191
(The) Word,Beatles Complete,192
World Without Love,Beatles Complete,193
Yellow Submarine,Beatles Complete,194
Yer Blues,Beatles Complete,195
Yes It Is,Beatles Complete,196
Yesterday,Beatles Complete,197
You Can’t Do That,Beatles Complete,198
You Like Me Too Much,Beatles Complete,199
You Never Give Me Your Money,Beatles Complete,200
You Won’t See Me,Beatles Complete,202
Your Mother Should Know,Beatles Complete,203
You’re Going To Lose That Girl,Beatles Complete,204
You’ve Got To Hide Your Love Away,Beatles Complete,205