Alexander's Ragtime Band,Dick Hyman - All The Right Changes,9
All Of Me,Dick Hyman - All The Right Changes,10
All Through The Night,Dick Hyman - All The Right Changes,12
Autumn Nocturne,Dick Hyman - All The Right Changes,14
Between The Devil And The Deep Blue Sea,Dick Hyman - All The Right Changes,16
Bill,Dick Hyman - All The Right Changes,17
The Blue Room,Dick Hyman - All The Right Changes,18
The Boulevard Of Broken Dreams,Dick Hyman - All The Right Changes,19
The Boy Next Door,Dick Hyman - All The Right Changes,21
"Brother, Can You Spare A Dime?",Dick Hyman - All The Right Changes,22
But Beautiful,Dick Hyman - All The Right Changes,23
Bye Bye Blackbird,Dick Hyman - All The Right Changes,24
Carioca,Dick Hyman - All The Right Changes,25
Cherokee,Dick Hyman - All The Right Changes,27
Come Rain Or Come Shine,Dick Hyman - All The Right Changes,29
The Continental,Dick Hyman - All The Right Changes,31
Dancing On The Ceiling,Dick Hyman - All The Right Changes,33
Darn That Dream,Dick Hyman - All The Right Changes,34
"Day In, Day Out",Dick Hyman - All The Right Changes,35
Do You Know What It Means To Miss New Orleans,Dick Hyman - All The Right Changes,37
Dream Dancing,Dick Hyman - All The Right Changes,38
Early Autumn,Dick Hyman - All The Right Changes,39
Exactly Like You,Dick Hyman - All The Right Changes,40
The Folks Who Live On The Hill,Dick Hyman - All The Right Changes,41
For All We Know,Dick Hyman - All The Right Changes,42
Forty-Second Street,Dick Hyman - All The Right Changes,43
From This Moment On,Dick Hyman - All The Right Changes,44
Give Me The Simple Life,Dick Hyman - All The Right Changes,45
Gone With The Wind,Dick Hyman - All The Right Changes,47
Goody-Goody,Dick Hyman - All The Right Changes,48
Harlem Nocturne,Dick Hyman - All The Right Changes,50
He Loves And She Loves,Dick Hyman - All The Right Changes,52
Here's That Rainy Day,Dick Hyman - All The Right Changes,53
(How Little It Matters) How Little We Know,Dick Hyman - All The Right Changes,54
I Could Write A Book,Dick Hyman - All The Right Changes,55
I Didn't Know What Time It Was,Dick Hyman - All The Right Changes,56
I Found A Million Dollar Baby (In A Five And Ten Cent Store),Dick Hyman - All The Right Changes,57
I Gotta Right To Sing The Blues,Dick Hyman - All The Right Changes,59
I Guess I'll Have To Change My Plan,Dick Hyman - All The Right Changes,60
I Hadn't Anyone Till You,Dick Hyman - All The Right Changes,61
I Never Knew,Dick Hyman - All The Right Changes,62
I Won't Dance,Dick Hyman - All The Right Changes,63
I'll Be Around,Dick Hyman - All The Right Changes,64
I'll Get By (As Long As I Have You),Dick Hyman - All The Right Changes,65
I'll Take Romance,Dick Hyman - All The Right Changes,66
I'm Confessin' (That I Love You),Dick Hyman - All The Right Changes,67
I'm Gonna Sit Right Down And Write Myself A Letter,Dick Hyman - All The Right Changes,68
I'm Just Wild About Harry,Dick Hyman - All The Right Changes,69
I'm Looking Over A Four Leaf Clover,Dick Hyman - All The Right Changes,70
Imagination,Dick Hyman - All The Right Changes,71
(Back Home Again In) Indiana,Dick Hyman - All The Right Changes,72
It Had To Be You,Dick Hyman - All The Right Changes,73
It's So Peaceful In The Country,Dick Hyman - All The Right Changes,74
Let's Do It,Dick Hyman - All The Right Changes,76
Let's Fall In Love,Dick Hyman - All The Right Changes,77
Like Someone In Love,Dick Hyman - All The Right Changes,78
Lonely Town,Dick Hyman - All The Right Changes,79
Love Me Or Leave Me,Dick Hyman - All The Right Changes,80
Love Walked In,Dick Hyman - All The Right Changes,81
Lullaby Of Broadway,Dick Hyman - All The Right Changes,82
Lullaby Of The Leaves,Dick Hyman - All The Right Changes,83
Make Believe,Dick Hyman - All The Right Changes,84
Makin' Whoopee,Dick Hyman - All The Right Changes,85
Mean To Me,Dick Hyman - All The Right Changes,87
Memories Of You,Dick Hyman - All The Right Changes,88
Mine,Dick Hyman - All The Right Changes,90
The More I See You,Dick Hyman - All The Right Changes,92
The Most Beautiful Girl In The World,Dick Hyman - All The Right Changes,93
Mountain Greenery,Dick Hyman - All The Right Changes,94
My Blue Heaven,Dick Hyman - All The Right Changes,95
My Melancholy Baby,Dick Hyman - All The Right Changes,96
My Heart Stood Still,Dick Hyman - All The Right Changes,97
Nevertheless (I'm In Love With You),Dick Hyman - All The Right Changes,98
Of Thee I Sing,Dick Hyman - All The Right Changes,100
On The Sunny Side Of The Street,Dick Hyman - All The Right Changes,101
Polka Dots And Moonbeams,Dick Hyman - All The Right Changes,102
Serenade In Blue,Dick Hyman - All The Right Changes,104
Solitude,Dick Hyman - All The Right Changes,105
Some Day My Prince Will Come (Some Day I'll Find My Love),Dick Hyman - All The Right Changes,106
The Song Is You,Dick Hyman - All The Right Changes,107
Star Dust,Dick Hyman - All The Right Changes,108
Stormy Weather,Dick Hyman - All The Right Changes,109
Swanee,Dick Hyman - All The Right Changes,111
Them There Eyes,Dick Hyman - All The Right Changes,112
These Foolish Things,Dick Hyman - All The Right Changes,113
This Can't Be Love,Dick Hyman - All The Right Changes,115
Unforgettable,Dick Hyman - All The Right Changes,116
Wait Till You See Her,Dick Hyman - All The Right Changes,117
What Is There To Say,Dick Hyman - All The Right Changes,118
When Day Is Done,Dick Hyman - All The Right Changes,119
When You Wish Upon A Star,Dick Hyman - All The Right Changes,121
Who?,Dick Hyman - All The Right Changes,122
Who Can I Turn To? (When Nobody Needs Me),Dick Hyman - All The Right Changes,123
Who Cares?,Dick Hyman - All The Right Changes,125
Why Shouldn't I?,Dick Hyman - All The Right Changes,126
Why Was I Born?,Dick Hyman - All The Right Changes,127
Willow Weep For Me,Dick Hyman - All The Right Changes,128
Witchcraft,Dick Hyman - All The Right Changes,129
Wrap Your Troubles In Dreams (And Dream Your Troubles Away),Dick Hyman - All The Right Changes,131
Zing! Went The Strings Of My Heart,Dick Hyman - All The Right Changes,132
