Ain't She Sweet,Dick Hyman - 100 Tunes Every Musician Should Know,8
Alone Together,Dick Hyman - 100 Tunes Every Musician Should Know,9
Am I Blue?,Dick Hyman - 100 Tunes Every Musician Should Know,10
Angel Eyes,Dick Hyman - 100 Tunes Every Musician Should Know,11
Anything Goes,Dick Hyman - 100 Tunes Every Musician Should Know,12
April In Paris,Dick Hyman - 100 Tunes Every Musician Should Know,13
April Showers,Dick Hyman - 100 Tunes Every Musician Should Know,15
As Time Goes By,Dick Hyman - 100 Tunes Every Musician Should Know,16
Autumn In New York,Dick Hyman - 100 Tunes Every Musician Should Know,17
Avalon,Dick Hyman - 100 Tunes Every Musician Should Know,19
Begin The Beguine ,Dick Hyman - 100 Tunes Every Musician Should Know,20
"Birth Of The Blues, The",Dick Hyman - 100 Tunes Every Musician Should Know,22
Blues In the Night,Dick Hyman - 100 Tunes Every Musician Should Know,23
Body And Soul,Dick Hyman - 100 Tunes Every Musician Should Know,25
But Not For Me,Dick Hyman - 100 Tunes Every Musician Should Know,26
Can't We Be Friends?,Dick Hyman - 100 Tunes Every Musician Should Know,27
Can't We Talk It Over,Dick Hyman - 100 Tunes Every Musician Should Know,28
Caravan,Dick Hyman - 100 Tunes Every Musician Should Know,29
Charleston,Dick Hyman - 100 Tunes Every Musician Should Know,30
Crazy Rhythm,Dick Hyman - 100 Tunes Every Musician Should Know,31
Dancing In The Dark,Dick Hyman - 100 Tunes Every Musician Should Know,32
Day By Day,Dick Hyman - 100 Tunes Every Musician Should Know,33
Days Of Wine And Roses,Dick Hyman - 100 Tunes Every Musician Should Know,34
Do It Again,Dick Hyman - 100 Tunes Every Musician Should Know,35
Dream,Dick Hyman - 100 Tunes Every Musician Should Know,36
Embraceable You,Dick Hyman - 100 Tunes Every Musician Should Know,37
Fascinating Rhythm,Dick Hyman - 100 Tunes Every Musician Should Know,38
Fine And Dandy,Dick Hyman - 100 Tunes Every Musician Should Know,39
Fools Rush In,Dick Hyman - 100 Tunes Every Musician Should Know,40
Get Happy,Dick Hyman - 100 Tunes Every Musician Should Know,41
Halleluyah!,Dick Hyman - 100 Tunes Every Musician Should Know,42
How Long has This been Going On?,Dick Hyman - 100 Tunes Every Musician Should Know,43
I Can't Give You Anything But Love,Dick Hyman - 100 Tunes Every Musician Should Know,45
I Cover The Waterfront,Dick Hyman - 100 Tunes Every Musician Should Know,46
I Get A Kick Out Of You,Dick Hyman - 100 Tunes Every Musician Should Know,47
I Got Rhythm,Dick Hyman - 100 Tunes Every Musician Should Know,49
I Know That You Know,Dick Hyman - 100 Tunes Every Musician Should Know,51
I May Be Wrong,Dick Hyman - 100 Tunes Every Musician Should Know,52
I Only Have Eyes For You,Dick Hyman - 100 Tunes Every Musician Should Know,53
I Thought About You,Dick Hyman - 100 Tunes Every Musician Should Know,54
If I Could Be With You (One Hour Tonight),Dick Hyman - 100 Tunes Every Musician Should Know,55
I Want To Be Happy,Dick Hyman - 100 Tunes Every Musician Should Know,56
I'll See you Again,Dick Hyman - 100 Tunes Every Musician Should Know,57
I'm Forever Blowing Bubbles,Dick Hyman - 100 Tunes Every Musician Should Know,58
Indian Summer,Dick Hyman - 100 Tunes Every Musician Should Know,59
It's Only A Paper Moon,Dick Hyman - 100 Tunes Every Musician Should Know,60
I've Got A Crush On You,Dick Hyman - 100 Tunes Every Musician Should Know,61
I've Got The World On A String,Dick Hyman - 100 Tunes Every Musician Should Know,62
"Japanese Sandman, The",Dick Hyman - 100 Tunes Every Musician Should Know,63
Jeepers Creepers,Dick Hyman - 100 Tunes Every Musician Should Know,64
Just One Of Those Things,Dick Hyman - 100 Tunes Every Musician Should Know,65
Limehouse Blues,Dick Hyman - 100 Tunes Every Musician Should Know,67
Liza (All the clouds'll roll away),Dick Hyman - 100 Tunes Every Musician Should Know,68
Love For Sale,Dick Hyman - 100 Tunes Every Musician Should Know,69
"Lover, Come Back To Me",Dick Hyman - 100 Tunes Every Musician Should Know,71
Lullaby Of Birdland,Dick Hyman - 100 Tunes Every Musician Should Know,73
Lulu's Back In Town,Dick Hyman - 100 Tunes Every Musician Should Know,75
Mack The Knife,Dick Hyman - 100 Tunes Every Musician Should Know,76
"Man I Love, The",Dick Hyman - 100 Tunes Every Musician Should Know,77
Misty,Dick Hyman - 100 Tunes Every Musician Should Know,78
Night And Day,Dick Hyman - 100 Tunes Every Musician Should Know,79
"Oh, Lady Be Good",Dick Hyman - 100 Tunes Every Musician Should Know,80
"Please, Don't Talk About Me When I'm Gone",Dick Hyman - 100 Tunes Every Musician Should Know,81
Poor Butterfly,Dick Hyman - 100 Tunes Every Musician Should Know,82
Round Midnight,Dick Hyman - 100 Tunes Every Musician Should Know,84
S' Wonderful,Dick Hyman - 100 Tunes Every Musician Should Know,86
Satin Doll,Dick Hyman - 100 Tunes Every Musician Should Know,87
Secret Love,Dick Hyman - 100 Tunes Every Musician Should Know,89
September In The Rain,Dick Hyman - 100 Tunes Every Musician Should Know,90
Skylark,Dick Hyman - 100 Tunes Every Musician Should Know,91
"Softly, As In A Morning Sunrise",Dick Hyman - 100 Tunes Every Musician Should Know,92
Somebody Loves me,Dick Hyman - 100 Tunes Every Musician Should Know,93
Someone To Watch Over Me,Dick Hyman - 100 Tunes Every Musician Should Know,94
Something To Remember You By,Dick Hyman - 100 Tunes Every Musician Should Know,95
Sometimes I'm Happy,Dick Hyman - 100 Tunes Every Musician Should Know,96
Soon,Dick Hyman - 100 Tunes Every Musician Should Know,97
Strike Up The Band!,Dick Hyman - 100 Tunes Every Musician Should Know,98
"Summer Knows, The (Theme From Summer Of '42)",Dick Hyman - 100 Tunes Every Musician Should Know,99
Sweet Georgia Brown,Dick Hyman - 100 Tunes Every Musician Should Know,101
Tea For Two,Dick Hyman - 100 Tunes Every Musician Should Know,102
This Love Of Mine,Dick Hyman - 100 Tunes Every Musician Should Know,103
Thou Swell,Dick Hyman - 100 Tunes Every Musician Should Know,104
Three Little Words,Dick Hyman - 100 Tunes Every Musician Should Know,105
Time After Time,Dick Hyman - 100 Tunes Every Musician Should Know,106
"Time For Love, A",Dick Hyman - 100 Tunes Every Musician Should Know,107
Too Marvellous For Words,Dick Hyman - 100 Tunes Every Musician Should Know,109
"Very Thought Of You, The",Dick Hyman - 100 Tunes Every Musician Should Know,110
What Is This Thing Called Love?,Dick Hyman - 100 Tunes Every Musician Should Know,111
What's New?,Dick Hyman - 100 Tunes Every Musician Should Know,112
When Your Lover Has Gone,Dick Hyman - 100 Tunes Every Musician Should Know,113
With A Song In My Heart,Dick Hyman - 100 Tunes Every Musician Should Know,114
You And The Night And The Music,Dick Hyman - 100 Tunes Every Musician Should Know,115
You Are Too Beautiful,Dick Hyman - 100 Tunes Every Musician Should Know,116
You Do Something To Me,Dick Hyman - 100 Tunes Every Musician Should Know,117
You Go To My Head,Dick Hyman - 100 Tunes Every Musician Should Know,118
You Make Me Feel So Young,Dick Hyman - 100 Tunes Every Musician Should Know,120
You Took Advantage Of me,Dick Hyman - 100 Tunes Every Musician Should Know,122
You're Getting To Be A Habit With Me,Dick Hyman - 100 Tunes Every Musician Should Know,123
You're The Top,Dick Hyman - 100 Tunes Every Musician Should Know,125
Yours Is My Heart Alone,Dick Hyman - 100 Tunes Every Musician Should Know,127
