219 blues [Mamie's blues],Dixieland Fake Book II,15
Aggravatin' papa,Dixieland Fake Book II,16
Atlanta blues,Dixieland Fake Book II,17
All the girls go crazy about the way I walk,Dixieland Fake Book II,18
Alligator crawl,Dixieland Fake Book II,20
Alligator hop,Dixieland Fake Book II,22
Awful sad,Dixieland Fake Book II,24
Back o' town blues,Dixieland Fake Book II,26
Bailin' a jack,Dixieland Fake Book II,27
Barnacle Bill the sailor,Dixieland Fake Book II,29
Beale Street mama (papa),Dixieland Fake Book II,31
Big bear stomp,Dixieland Fake Book II,32
Black and tan fantasy,Dixieland Fake Book II,34
Black bottom stomp,Dixieland Fake Book II,36
Big boy,Dixieland Fake Book II,41
Borneo,Dixieland Fake Book II,42
Buddy's habit,Dixieland Fake Book II,44
Buffalo blues,Dixieland Fake Book II,46
American soldier [Bugle boy march],Dixieland Fake Book II,48
Brown bottom Bess,Dixieland Fake Book II,50
Burgundy Street blues,Dixieland Fake Book II,51
Canal Street blues,Dixieland Fake Book II,52
Candy lips,Dixieland Fake Book II,54
"Chant, the",Dixieland Fake Book II,56
Chelsea on down,Dixieland Fake Book II,58
Chicago breakdown [Stratford Hunch],Dixieland Fake Book II,60
Chimes blues,Dixieland Fake Book II,62
Clementine (from New Orleans),Dixieland Fake Book II,65
Come back sweet papa,Dixieland Fake Book II,66
Come on and stomp stomp stomp,Dixieland Fake Book II,67
Cornet chop suey,Dixieland Fake Book II,68
Creole belles,Dixieland Fake Book II,72
Creole love call,Dixieland Fake Book II,74
Daddy do,Dixieland Fake Book II,76
Dallas blues,Dixieland Fake Book II,77
Dans les rues d'Antibes,Dixieland Fake Book II,78
Dead man blues,Dixieland Fake Book II,80
Deep Harlem,Dixieland Fake Book II,82
Delta bound,Dixieland Fake Book II,84
Don't you leave me here,Dixieland Fake Book II,85
Down hearted blues,Dixieland Fake Book II,87
Dreaming the hours away,Dixieland Fake Book II,88
Down home rag,Dixieland Fake Book II,89
Down in Jungle Town,Dixieland Fake Book II,90
East Coast trot,Dixieland Fake Book II,92
Empty bed blues,Dixieland Fake Book II,93
East Saint Louis toodle-oo,Dixieland Fake Book II,94
Emperor Norton's hunch,Dixieland Fake Book II,96
Far away blues,Dixieland Fake Book II,98
Fat Louie's wake,Dixieland Fake Book II,99
Farewell blues,Dixieland Fake Book II,100
Flat foot,Dixieland Fake Book II,102
Friendless blues,Dixieland Fake Book II,103
Forty and tight,Dixieland Fake Book II,104
Froggie moore rag,Dixieland Fake Book II,106
Frosty morning blues,Dixieland Fake Book II,109
Gate mouth,Dixieland Fake Book II,110
Georgia swing,Dixieland Fake Book II,111
Gettysburg march,Dixieland Fake Book II,112
Get out of here and go home,Dixieland Fake Book II,114
Gimme a pigfoot and a bottle of beer,Dixieland Fake Book II,115
Golden Gate stomp,Dixieland Fake Book II,116
Good Time Flat Blues [Farewell to Storyville],Dixieland Fake Book II,119
Good old New York,Dixieland Fake Book II,120
Goose pimples,Dixieland Fake Book II,122
Gulf Coast blues,Dixieland Fake Book II,125
Got no blues,Dixieland Fake Book II,126
Grandpa's spells,Dixieland Fake Book II,128
Ham and eggs [Big fat ham],Dixieland Fake Book II,130
Harlem twist,Dixieland Fake Book II,132
Hotter than that,Dixieland Fake Book II,134
Heebie jeebies,Dixieland Fake Book II,136
I Ain't gonna tell nobody,Dixieland Fake Book II,137
I can't say,Dixieland Fake Book II,138
Idolizin',Dixieland Fake Book II,139
If someone would only love me,Dixieland Fake Book II,140
Si to vois ma mere [If you see my mother],Dixieland Fake Book II,141
I'm going away to wear you off my mind,Dixieland Fake Book II,142
I'm wild about that thing,Dixieland Fake Book II,143
I'm gonna Stomp Mr. Henry Lee,Dixieland Fake Book II,144
Imagination,Dixieland Fake Book II,146
Jazz lips,Dixieland Fake Book II,148
I've got what it takes,Dixieland Fake Book II,151
Just gone,Dixieland Fake Book II,152
Kansas City man blues,Dixieland Fake Book II,153
Kansas City stomps,Dixieland Fake Book II,154
King chanticleer,Dixieland Fake Book II,156
Carolina shout,Dixieland Fake Book II,159
King Porter stomp,Dixieland Fake Book II,162
Kitchen man,Dixieland Fake Book II,164
Lady love,Dixieland Fake Book II,165
Krooked blues,Dixieland Fake Book II,166
Livin' high,Dixieland Fake Book II,168
London blues [London Cafe blues] [Shoe shiner's drag],Dixieland Fake Book II,170
Lina blues,Dixieland Fake Book II,172
Lonesome blues,Dixieland Fake Book II,173
Love me with a feeling,Dixieland Fake Book II,174
Mabel's dream,Dixieland Fake Book II,175
Mandy Lee blues,Dixieland Fake Book II,176
Maryland my Maryland,Dixieland Fake Book II,178
Memphis blues,Dixieland Fake Book II,180
Messin' around (Blythe),Dixieland Fake Book II,181
Messin' around (St. Cyr),Dixieland Fake Book II,182
Midnight Mama (Papa) [Tom Cat Blues],Dixieland Fake Book II,183
Blue mama's suicide wail [Mountain top blues],Dixieland Fake Book II,184
My man o' war,Dixieland Fake Book II,185
Mr. Jelly Lord,Dixieland Fake Book II,186
My heart,Dixieland Fake Book II,188
My pretty girl,Dixieland Fake Book II,190
My Monday date,Dixieland Fake Book II,194
Need a little sugar in my bowl,Dixieland Fake Book II,195
New Orleans shuffle,Dixieland Fake Book II,196
New Orleans Stomp,Dixieland Fake Book II,198
No one else but you,Dixieland Fake Book II,200
Nobody knows the way i feel this mornin',Dixieland Fake Book II,201
Oh baby (Bix),Dixieland Fake Book II,202
Oh daddy,Dixieland Fake Book II,204
Olga,Dixieland Fake Book II,205
Oriental man,Dixieland Fake Book II,206
Jackass blues,Dixieland Fake Book II,207
Oriental strut,Dixieland Fake Book II,208
Original Jelly Roll Blues,Dixieland Fake Book II,210
Ory's creole trombone,Dixieland Fake Book II,212
Paducah [Ellington],Dixieland Fake Book II,215
Ostrich walk (Bix),Dixieland Fake Book II,216
"Pearls, the",Dixieland Fake Book II,218
Perdido Street blues,Dixieland Fake Book II,220
Papa dip,Dixieland Fake Book II,222
Petite fleur,Dixieland Fake Book II,223
Pickin' on your baby,Dixieland Fake Book II,224
Ponchartrain blues,Dixieland Fake Book II,225
Potato head blues,Dixieland Fake Book II,226
Prince of Wails,Dixieland Fake Book II,228
Proud of a baby like you,Dixieland Fake Book II,230
Rampart Street blues,Dixieland Fake Book II,231
Rhythm king,Dixieland Fake Book II,232
Riverside blues,Dixieland Fake Book II,234
Room rent blues,Dixieland Fake Book II,235
Sage hen strut,Dixieland Fake Book II,236
San Francisco Bay blues,Dixieland Fake Book II,238
Santa Claus blues,Dixieland Fake Book II,240
Save it pretty mama,Dixieland Fake Book II,241
Shake it and break it,Dixieland Fake Book II,242
Shake that thing,Dixieland Fake Book II,243
She's crying for me,Dixieland Fake Book II,244
Shreveport stomp,Dixieland Fake Book II,246
Sidewalk blues,Dixieland Fake Book II,248
Skid-dat-de-dat,Dixieland Fake Book II,250
Soap suds [Fickle Fay creep],Dixieland Fake Book II,252
Sobbin' blues,Dixieland Fake Book II,254
Shim-me-sha-wabble,Dixieland Fake Book II,256
Southern stomps,Dixieland Fake Book II,257
St. Phillip Street Breakdown,Dixieland Fake Book II,258
Stampede,Dixieland Fake Book II,260
Steamboat stomp,Dixieland Fake Book II,262
Sugar foot strut,Dixieland Fake Book II,264
Sundown mama,Dixieland Fake Book II,265
Sunset Cafe stomp,Dixieland Fake Book II,266
Sweet baby doll,Dixieland Fake Book II,268
Sweet like this,Dixieland Fake Book II,269
Sweet lovin' man,Dixieland Fake Book II,270
Sweet mama,Dixieland Fake Book II,271
Tailgate ramble,Dixieland Fake Book II,272
Tain't nobody's biz-ness if I do,Dixieland Fake Book II,273
Tears,Dixieland Fake Book II,274
Terrible blues,Dixieland Fake Book II,276
Texas moaner,Dixieland Fake Book II,277
There'll be no freebies (at Miss Jennyâ€™s Ball),Dixieland Fake Book II,278
There'll come a time [San Antonio Shout],Dixieland Fake Book II,280
Too bad,Dixieland Fake Book II,282
Trombone rag,Dixieland Fake Book II,284
Ugly chile [You're some pretty doll],Dixieland Fake Book II,288
Wait till you see my baby do the Charleston,Dixieland Fake Book II,290
Wang wang blues,Dixieland Fake Book II,291
Was I drunk,Dixieland Fake Book II,292
Washboard blues,Dixieland Fake Book II,294
Waste no tears,Dixieland Fake Book II,295
Weather bird rag,Dixieland Fake Book II,296
When,Dixieland Fake Book II,299
Where did you stay last night,Dixieland Fake Book II,300
Why,Dixieland Fake Book II,302
Wild man blues,Dixieland Fake Book II,303
Working man blues,Dixieland Fake Book II,304
Wild women don't have the blues,Dixieland Fake Book II,307
Yes I'm in the barrel,Dixieland Fake Book II,308
You don't understand,Dixieland Fake Book II,310
You made me love you (When I Saw You Cry),Dixieland Fake Book II,311
You're next,Dixieland Fake Book II,312
You've been a good old wagon,Dixieland Fake Book II,313
You've got to give me some,Dixieland Fake Book II,314
Zulu's ball,Dixieland Fake Book II,315