Ace in the hole,Dixieland Fake Book I,14
After you've gone,Dixieland Fake Book I,15
Ain't misbehavin`,Dixieland Fake Book I,16
Ain't she sweet,Dixieland Fake Book I,17
Alabamy bound,Dixieland Fake Book I,18
Alabama jubilee,Dixieland Fake Book I,20
Alexander's ragtime band,Dixieland Fake Book I,21
Algiers strut,Dixieland Fake Book I,22
All by myself,Dixieland Fake Book I,23
Am I blue,Dixieland Fake Book I,24
Angry,Dixieland Fake Book I,25
Apex blues,Dixieland Fake Book I,26
As long as I live,Dixieland Fake Book I,27
At a Georgia camp meeting,Dixieland Fake Book I,28
At sundown,Dixieland Fake Book I,29
At the jazz band ball,Dixieland Fake Book I,30
Aunt Hagar's Blues,Dixieland Fake Book I,31
Avalon,Dixieland Fake Book I,32
Baby face,Dixieland Fake Book I,33
Baby won't you please come home,Dixieland Fake Book I,34
Bailin' the Jack,Dixieland Fake Book I,35
Basin Street blues,Dixieland Fake Book I,36
Beale Street blues,Dixieland Fake Book I,37
Bill Bailey,Dixieland Fake Book I,38
Big butter and egg man,Dixieland Fake Book I,39
Birth of the blues,Dixieland Fake Book I,41
Black and blue,Dixieland Fake Book I,42
Blue turning grey,Dixieland Fake Book I,43
Blues my naughty sweetie gives to me,Dixieland Fake Book I,44
Bluin' the blues,Dixieland Fake Book I,45
Bucket's got a hole in it,Dixieland Fake Book I,45
Bogalusa strut,Dixieland Fake Book I,47
Bourbon Street parade,Dixieland Fake Book I,48
Bugle call rag,Dixieland Fake Book I,49
Breeze,Dixieland Fake Book I,51
By and by,Dixieland Fake Book I,52
Bye bye blackbird,Dixieland Fake Book I,53
Bye bye blues,Dixieland Fake Book I,55
Cabaret,Dixieland Fake Book I,56
Cakewalkin' babies from home,Dixieland Fake Book I,57
California here I come,Dixieland Fake Book I,60
Camp meeting blues,Dixieland Fake Book I,61
Carolina in the morning,Dixieland Fake Book I,63
Charleston,Dixieland Fake Book I,64
Chattanooga stomp,Dixieland Fake Book I,65
Chicago,Dixieland Fake Book I,67
China boy,Dixieland Fake Book I,68
"Chinatown, my Chinatown",Dixieland Fake Book I,69
Coney Island washboard,Dixieland Fake Book I,70
Clarinet marmalade,Dixieland Fake Book I,71
Copenhagen,Dixieland Fake Book I,73
Curse of an aching heart,Dixieland Fake Book I,75
Darktown strutters ball,Dixieland Fake Book I,76
Davenport blues,Dixieland Fake Book I,77
Dear old southland,Dixieland Fake Book I,78
If I could be with you,Dixieland Fake Book I,79
Diga Diga doo,Dixieland Fake Book I,80
Dippermouth blues,Dixieland Fake Book I,81
Dinah,Dixieland Fake Book I,83
Do you know what it means to miss New Orleans,Dixieland Fake Book I,84
Down in honky tonk town,Dixieland Fake Book I,85
Down by the riverside,Dixieland Fake Book I,87
Down yonder,Dixieland Fake Book I,88
Dr. Jazz,Dixieland Fake Book I,89
Everybody loves my baby,Dixieland Fake Book I,90
Eccentric,Dixieland Fake Book I,91
Entertainer,Dixieland Fake Book I,93
Fidgety feet,Dixieland Fake Book I,95
Floatin' down that Old Green River,Dixieland Fake Book I,97
Five foot two,Dixieland Fake Book I,99
While we danced at the Mardi Gras,Dixieland Fake Book I,101
From Monday on,Dixieland Fake Book I,102
Georgia on my mind,Dixieland Fake Book I,103
Good man is hard to find,Dixieland Fake Book I,104
Hard hearted Hannah,Dixieland Fake Book I,105
Hello dolly,Dixieland Fake Book I,106
High society,Dixieland Fake Book I,107
Hindustan,Dixieland Fake Book I,110
Honeysuckle rose,Dixieland Fake Book I,111
Home,Dixieland Fake Book I,113
Hundred years from today,Dixieland Fake Book I,114
I ain't gonna give nobody none of my jelly roll,Dixieland Fake Book I,115
I ain't got nobody,Dixieland Fake Book I,116
I can't believe that you're in love with me,Dixieland Fake Book I,117
I can't give you anything but love,Dixieland Fake Book I,118
I gotta right to sing the blues,Dixieland Fake Book I,119
I had someone else,Dixieland Fake Book I,120
I never knew (that roses grew),Dixieland Fake Book I,121
I never knew I could love anybody,Dixieland Fake Book I,121
I want a little girl,Dixieland Fake Book I,122
Sister Kate (I wish I could shimmy like),Dixieland Fake Book I,124
Ice cream,Dixieland Fake Book I,125
Ida,Dixieland Fake Book I,126
If I had you,Dixieland Fake Book I,127
If you knew Susie (like I know Susie),Dixieland Fake Book I,128
I'll be a friend with pleasure,Dixieland Fake Book I,129
I'm coming Virginia,Dixieland Fake Book I,130
I'm confessin' (that I love you),Dixieland Fake Book I,131
I'm gonna sit right down and write myself a letter,Dixieland Fake Book I,132
I'm looking over a four leaf clover,Dixieland Fake Book I,133
In a shanty in old shanty town,Dixieland Fake Book I,135
Indiana,Dixieland Fake Book I,136
Irish black bottom,Dixieland Fake Book I,137
Is it true what they say about Dixie,Dixieland Fake Book I,139
It had to be you,Dixieland Fake Book I,140
It's a long way to Tipperary,Dixieland Fake Book I,141
It's a sin to tell a lie,Dixieland Fake Book I,142
It's tight like that,Dixieland Fake Book I,143
It's wonderful,Dixieland Fake Book I,144
I've found a new baby,Dixieland Fake Book I,145
Jazz me blues,Dixieland Fake Book I,146
Jazzin' babies blues,Dixieland Fake Book I,147
Just a little while to stay here,Dixieland Fake Book I,148
Kansas City Kitty,Dixieland Fake Book I,149
Keepin' out of mischief,Dixieland Fake Book I,150
Limehouse blues,Dixieland Fake Book I,151
Livery stable blues (Barnyard blues),Dixieland Fake Book I,153
Lonesome road,Dixieland Fake Book I,154
Lonesomest gal in town,Dixieland Fake Book I,155
Louisiana,Dixieland Fake Book I,157
Love nest,Dixieland Fake Book I,158
Mahogany Hall stomp,Dixieland Fake Book I,159
Mama's gone goodbye,Dixieland Fake Book I,160
Maple leaf rag,Dixieland Fake Book I,161
"Mandy, make up your mind",Dixieland Fake Book I,163
Margie,Dixieland Fake Book I,164
Mean to me,Dixieland Fake Book I,165
Melancholy blues,Dixieland Fake Book I,166
Milneburg joys,Dixieland Fake Book I,167
Memories of you,Dixieland Fake Book I,169
Mississippi mud,Dixieland Fake Book I,170
Minor drag,Dixieland Fake Book I,171
Mooch,Dixieland Fake Book I,173
Muskrat ramble,Dixieland Fake Book I,174
My baby just cares for me,Dixieland Fake Book I,175
My blue heaven,Dixieland Fake Book I,176
My gal Sal,Dixieland Fake Book I,177
My honey's lovin' arms,Dixieland Fake Book I,178
My melancholy baby,Dixieland Fake Book I,179
Nagasaki,Dixieland Fake Book I,181
New second line,Dixieland Fake Book I,182
Nineteen nineteen rag (March),Dixieland Fake Book I,183
Nobody knows you when you're down and out,Dixieland Fake Book I,185
Nobody's sweetheart,Dixieland Fake Book I,186
Of all the wrongs you've done to me,Dixieland Fake Book I,187
Oh baby,Dixieland Fake Book I,188
Oh didn't he ramble,Dixieland Fake Book I,189
Old fashioned love,Dixieland Fake Book I,190
Once in a while,Dixieland Fake Book I,191
Over in the glory land,Dixieland Fake Book I,192
Original dixieland one-step,Dixieland Fake Book I,193
Panama,Dixieland Fake Book I,195
Please don't talk about me when I'm gone,Dixieland Fake Book I,197
Poor butterfly,Dixieland Fake Book I,198
Put on your old gray bonnet,Dixieland Fake Book I,199
Rockabye your baby with a Dixie melody,Dixieland Fake Book I,200
Riverboat shuffle,Dixieland Fake Book I,201
Rockin' chair,Dixieland Fake Book I,203
Rose room,Dixieland Fake Book I,204
Rose of Washington Square,Dixieland Fake Book I,205
Rosetta,Dixieland Fake Book I,207
Royal Garden blues,Dixieland Fake Book I,208
Sailing down the Chesapeake Bay,Dixieland Fake Book I,209
Runnin' wild,Dixieland Fake Book I,211
San,Dixieland Fake Book I,212
Savoy blues,Dixieland Fake Book I,213
Sweet Substitute,Dixieland Fake Book I,214
Second line,Dixieland Fake Book I,215
See see rider,Dixieland Fake Book I,216
Sensation,Dixieland Fake Book I,217
Shine,Dixieland Fake Book I,218
Sheik of Araby,Dixieland Fake Book I,219
Since my best gal turned me down,Dixieland Fake Book I,221
Singin' the blues,Dixieland Fake Book I,223
When it's sleepy time down South,Dixieland Fake Book I,226
Sleepy time gal,Dixieland Fake Book I,227
Smiles,Dixieland Fake Book I,228
Snake Rag,Dixieland Fake Book I,229
Some of these days,Dixieland Fake Book I,231
Somebody stole my gal,Dixieland Fake Book I,232
Someday sweetheart,Dixieland Fake Book I,233
Someday you'll be sorry,Dixieland Fake Book I,234
Sorry,Dixieland Fake Book I,235
South,Dixieland Fake Book I,236
South Rampart Street parade,Dixieland Fake Book I,237
Squeeze me,Dixieland Fake Book I,241
St. Louis blues,Dixieland Fake Book I,242
Storeyville blues,Dixieland Fake Book I,243
Stranger on the shore,Dixieland Fake Book I,244
Struttin' with some barbeque,Dixieland Fake Book I,245
Sugar,Dixieland Fake Book I,246
Sunday,Dixieland Fake Book I,247
Susie,Dixieland Fake Book I,248
Swanee,Dixieland Fake Book I,249
Sweetie dear,Dixieland Fake Book I,250
Sweet Georgia Brown,Dixieland Fake Book I,251
"Sweet Sue, just you",Dixieland Fake Book I,252
That's a plenty,Dixieland Fake Book I,253
That da-da strain,Dixieland Fake Book I,255
There ain't no sweet man worth the salt of my tears,Dixieland Fake Book I,256
There'll be some changes made,Dixieland Fake Book I,257
Tia Juana,Dixieland Fake Book I,258
Tiger rag,Dixieland Fake Book I,259
Tin roof blues,Dixieland Fake Book I,261
Tishomingo blues,Dixieland Fake Book I,262
Too busy,Dixieland Fake Book I,263
Toot toot tootsie goodbye,Dixieland Fake Book I,264
"Torch, The",Dixieland Fake Book I,265
Trouble in mind,Dixieland Fake Book I,266
Wabash blues,Dixieland Fake Book I,267
"Wait till the sun shines, Nellie",Dixieland Fake Book I,268
Waiting for the Robert E. Lee,Dixieland Fake Book I,269
Washington and Lee swing,Dixieland Fake Book I,271
Way down yonder in New Orleans,Dixieland Fake Book I,272
Weary blues,Dixieland Fake Book I,273
What do you want me to do,Dixieland Fake Book I,274
West end blues,Dixieland Fake Book I,275
When my dreamboat comes home,Dixieland Fake Book I,277
When my sugar walks down the street,Dixieland Fake Book I,278
When the red red robin comes bob bob bobbin',Dixieland Fake Book I,279
When the saints go marching in,Dixieland Fake Book I,280
When you wore a tulip,Dixieland Fake Book I,281
When you're smiling,Dixieland Fake Book I,282
Whispering,Dixieland Fake Book I,283
Who's sorry now,Dixieland Fake Book I,284
Willie the weeper,Dixieland Fake Book I,285
World is waiting for the sunrise,Dixieland Fake Book I,286
Wolverine blues,Dixieland Fake Book I,287
"Yes sir, that's my baby",Dixieland Fake Book I,289
Yellow dog blues,Dixieland Fake Book I,291
You've got to see mama every night,Dixieland Fake Book I,292
Careless love,Dixieland Fake Book I,293
Wininâ€™ Boy,Dixieland Fake Book I,294
Jada,Dixieland Fake Book I,295
Midnight in Moscow,Dixieland Fake Book I,296
St. James infirmary,Dixieland Fake Book I,297
Blues Patterns,Dixieland Fake Book I,298
Hymns 232,Dixieland Fake Book I,299
Hail to the chief,Dixieland Fake Book I,301
Star spangled banner,Dixieland Fake Book I,302
Battle hymn of the Republic,Dixieland Fake Book I,303
Dixie,Dixieland Fake Book I,304
Military medley,Dixieland Fake Book I,305
God bless America,Dixieland Fake Book I,308
Give my regards to Broadway,Dixieland Fake Book I,309
Yankee doodle dandy,Dixieland Fake Book I,310
You're a grand old Flag,Dixieland Fake Book I,311
Happy days are here again,Dixieland Fake Book I,312