Sunday,the Firehouse Jazz Band Dixieland Fakebook,8
Bill Bailey Won't You Please Come Home?,the Firehouse Jazz Band Dixieland Fakebook,9
Doodle-Doo-Doo,the Firehouse Jazz Band Dixieland Fakebook,11
Oh! By Jingo!,the Firehouse Jazz Band Dixieland Fakebook,12
Tishomingo Blues,the Firehouse Jazz Band Dixieland Fakebook,13
Little Rock Getaway,the Firehouse Jazz Band Dixieland Fakebook,15
Keepin' Out Of Mischief Now,the Firehouse Jazz Band Dixieland Fakebook,16
Tailgate Ramble,the Firehouse Jazz Band Dixieland Fakebook,17
Blue Turning Gray Over You,the Firehouse Jazz Band Dixieland Fakebook,19
Ja-Da,the Firehouse Jazz Band Dixieland Fakebook,20
Ostrich Walk,the Firehouse Jazz Band Dixieland Fakebook,21
When Day Is Done,the Firehouse Jazz Band Dixieland Fakebook,23
The Tin Roof Blues,the Firehouse Jazz Band Dixieland Fakebook,24
Sensation Rag,the Firehouse Jazz Band Dixieland Fakebook,25
Alabamy Bound,the Firehouse Jazz Band Dixieland Fakebook,26
Washington & Lee Swing (The),the Firehouse Jazz Band Dixieland Fakebook,27
At The Jazz Band Ball,the Firehouse Jazz Band Dixieland Fakebook,28
China Boy,the Firehouse Jazz Band Dixieland Fakebook,29
When Its Darkness On The Delta,the Firehouse Jazz Band Dixieland Fakebook,30
Bogalusa Strut,the Firehouse Jazz Band Dixieland Fakebook,31
Some Of These Days,the Firehouse Jazz Band Dixieland Fakebook,32
Wolverine Blues,the Firehouse Jazz Band Dixieland Fakebook,33
Sugar,the Firehouse Jazz Band Dixieland Fakebook,35
Hindustan,the Firehouse Jazz Band Dixieland Fakebook,37
Knee Drops,the Firehouse Jazz Band Dixieland Fakebook,38
Where Did Robinson Crusoe Go?,the Firehouse Jazz Band Dixieland Fakebook,39
Original Dixieland One-Step (The),the Firehouse Jazz Band Dixieland Fakebook,41
Dippermouth Blues,the Firehouse Jazz Band Dixieland Fakebook,43
Poor Butterfly,the Firehouse Jazz Band Dixieland Fakebook,45
Stealin' Apples,the Firehouse Jazz Band Dixieland Fakebook,46
Wrap Your Troubles In Dreams,the Firehouse Jazz Band Dixieland Fakebook,47
That Da Da Strain,the Firehouse Jazz Band Dixieland Fakebook,48
Copenhagen,the Firehouse Jazz Band Dixieland Fakebook,49
Home,the Firehouse Jazz Band Dixieland Fakebook,51
See See Rider,the Firehouse Jazz Band Dixieland Fakebook,52
All The Wrongs You've Done,the Firehouse Jazz Band Dixieland Fakebook,53
Anything Goes,the Firehouse Jazz Band Dixieland Fakebook,53
Farewell Blues,the Firehouse Jazz Band Dixieland Fakebook,54
Paddlin' Madelin' Home,the Firehouse Jazz Band Dixieland Fakebook,55
Cakewalkin' Babies From Home,the Firehouse Jazz Band Dixieland Fakebook,57
Deed I Do,the Firehouse Jazz Band Dixieland Fakebook,59
Yellow Dog Blues (Yellow Dog Rag),the Firehouse Jazz Band Dixieland Fakebook,60
Clarinet Marmalade,the Firehouse Jazz Band Dixieland Fakebook,61
Canal Street Blues,the Firehouse Jazz Band Dixieland Fakebook,63
Wabash Blues (The),the Firehouse Jazz Band Dixieland Fakebook,64
Big Butter & Egg Man,the Firehouse Jazz Band Dixieland Fakebook,65
Someday You'll Be Sorry,the Firehouse Jazz Band Dixieland Fakebook,66
Alabama Jubilee,the Firehouse Jazz Band Dixieland Fakebook,67
Come Back Sweet Papa,the Firehouse Jazz Band Dixieland Fakebook,69
Blue Lou,the Firehouse Jazz Band Dixieland Fakebook,70
Baby Brown,the Firehouse Jazz Band Dixieland Fakebook,71
Yes! We Have No Bananas,the Firehouse Jazz Band Dixieland Fakebook,72
Do You Know What It Means To Miss New Orleans,the Firehouse Jazz Band Dixieland Fakebook,73
Of All The Wrong Things You've Done To Me,the Firehouse Jazz Band Dixieland Fakebook,75
Oh! Sister Ain't That Hot?,the Firehouse Jazz Band Dixieland Fakebook,76
Strike Up The Band,the Firehouse Jazz Band Dixieland Fakebook,77
Ugly Chile,the Firehouse Jazz Band Dixieland Fakebook,78
Wang Wang Blues (The),the Firehouse Jazz Band Dixieland Fakebook,79
There'll Be Some Changes Made,the Firehouse Jazz Band Dixieland Fakebook,81
New Orleans,the Firehouse Jazz Band Dixieland Fakebook,83
Oh Baby!,the Firehouse Jazz Band Dixieland Fakebook,84
Caravan,the Firehouse Jazz Band Dixieland Fakebook,85
Rosetta,the Firehouse Jazz Band Dixieland Fakebook,86
Birth Of The Blues (The),the Firehouse Jazz Band Dixieland Fakebook,87
After You've Gone,the Firehouse Jazz Band Dixieland Fakebook,88
While We Danced At The Mardi Gras,the Firehouse Jazz Band Dixieland Fakebook,89
Milenburg Joys,the Firehouse Jazz Band Dixieland Fakebook,90
Swanee,the Firehouse Jazz Band Dixieland Fakebook,92
The Second Line,the Firehouse Jazz Band Dixieland Fakebook,93
Panama,the Firehouse Jazz Band Dixieland Fakebook,94
Memphis Blues (The),the Firehouse Jazz Band Dixieland Fakebook,96
Memphis Blues (The) (with Lyrics),the Firehouse Jazz Band Dixieland Fakebook,97
Mama Don't Know,the Firehouse Jazz Band Dixieland Fakebook,98
Black & Blue,the Firehouse Jazz Band Dixieland Fakebook,99
Cherokee,the Firehouse Jazz Band Dixieland Fakebook,100
Whispering,the Firehouse Jazz Band Dixieland Fakebook,101
Ory's Creole Trombone,the Firehouse Jazz Band Dixieland Fakebook,102
Ory's Creole Trombone (Solo Trombone Part),the Firehouse Jazz Band Dixieland Fakebook,104
Sheik Of Araby (The),the Firehouse Jazz Band Dixieland Fakebook,106
Lazybones,the Firehouse Jazz Band Dixieland Fakebook,108
Who?,the Firehouse Jazz Band Dixieland Fakebook,109
I'm Gonna Sit Right Down & Write Myself A Letter,the Firehouse Jazz Band Dixieland Fakebook,110
Good Man Is Hard To Find (A),the Firehouse Jazz Band Dixieland Fakebook,111
Down By The Riverside,the Firehouse Jazz Band Dixieland Fakebook,112
Swing That Music,the Firehouse Jazz Band Dixieland Fakebook,114
Toot Toot Tootsie,the Firehouse Jazz Band Dixieland Fakebook,115
Down Among The Sheltering Palms,the Firehouse Jazz Band Dixieland Fakebook,116
Sugar Blues (The),the Firehouse Jazz Band Dixieland Fakebook,117
Oriental Strut,the Firehouse Jazz Band Dixieland Fakebook,118
Floatin' Down That Old Green River,the Firehouse Jazz Band Dixieland Fakebook,120
Fidgety Feet,the Firehouse Jazz Band Dixieland Fakebook,122
I Want A Little Girl,the Firehouse Jazz Band Dixieland Fakebook,124
Mean To Me,the Firehouse Jazz Band Dixieland Fakebook,125
Kansas City Stomps,the Firehouse Jazz Band Dixieland Fakebook,126
Doctor Jazz,the Firehouse Jazz Band Dixieland Fakebook,128
Joint Is Jumpin' (The),the Firehouse Jazz Band Dixieland Fakebook,130
Livery Stable Blues (Barnyard Blues),the Firehouse Jazz Band Dixieland Fakebook,132
Livery Stable Blues (Barnyard Blues) (with Lyrics),the Firehouse Jazz Band Dixieland Fakebook,134
It Don't Mean A Thing If It Ain't Got That Swing,the Firehouse Jazz Band Dixieland Fakebook,136
Soon,the Firehouse Jazz Band Dixieland Fakebook,137
Mississippi Mud,the Firehouse Jazz Band Dixieland Fakebook,138
That's A Funny Place To Kiss A Girl,the Firehouse Jazz Band Dixieland Fakebook,139
Midnight In Moscow Extravaganza,the Firehouse Jazz Band Dixieland Fakebook,140
Dream Man,the Firehouse Jazz Band Dixieland Fakebook,141
San,the Firehouse Jazz Band Dixieland Fakebook,142
All Of Me,the Firehouse Jazz Band Dixieland Fakebook,144
Memories Of You,the Firehouse Jazz Band Dixieland Fakebook,145
Sweethearts On Parade,the Firehouse Jazz Band Dixieland Fakebook,146
Sweethearts On Parade (Low Brass Part),the Firehouse Jazz Band Dixieland Fakebook,148
My Honey's Lovin' Arms,the Firehouse Jazz Band Dixieland Fakebook,150
Mama's Gone Goodbye,the Firehouse Jazz Band Dixieland Fakebook,152
Oh!,the Firehouse Jazz Band Dixieland Fakebook,153
Spreadin' Rhythm Around,the Firehouse Jazz Band Dixieland Fakebook,154
Pee Wee's Blues,the Firehouse Jazz Band Dixieland Fakebook,155
Si Tu Vois Ma Mere,the Firehouse Jazz Band Dixieland Fakebook,156
Japanese Sandman,the Firehouse Jazz Band Dixieland Fakebook,157
(I Wish I Wasn't In) Peoria,the Firehouse Jazz Band Dixieland Fakebook,158
Way Down Yonder In New Orleans,the Firehouse Jazz Band Dixieland Fakebook,160
Tiger Rag (The),the Firehouse Jazz Band Dixieland Fakebook,162
Muskrat Rumble (The),the Firehouse Jazz Band Dixieland Fakebook,164
Struttin' With Some BBQ,the Firehouse Jazz Band Dixieland Fakebook,167
Hard Hearted Hannah,the Firehouse Jazz Band Dixieland Fakebook,168
Ole Miss,the Firehouse Jazz Band Dixieland Fakebook,169
Heebie Jeebies,the Firehouse Jazz Band Dixieland Fakebook,171
Charleston (The),the Firehouse Jazz Band Dixieland Fakebook,173
Nagasaki,the Firehouse Jazz Band Dixieland Fakebook,175
Louisiana,the Firehouse Jazz Band Dixieland Fakebook,177
South Rampart St. Parade (The),the Firehouse Jazz Band Dixieland Fakebook,179
Nobody Knows You When You're Down & Out,the Firehouse Jazz Band Dixieland Fakebook,183
Squeeze Me,the Firehouse Jazz Band Dixieland Fakebook,184
Chicago,the Firehouse Jazz Band Dixieland Fakebook,185
Once In A While,the Firehouse Jazz Band Dixieland Fakebook,186
Mack The Knife,the Firehouse Jazz Band Dixieland Fakebook,187
What A Wonderful World,the Firehouse Jazz Band Dixieland Fakebook,188
Mobile,the Firehouse Jazz Band Dixieland Fakebook,189
Seems Like Old Times,the Firehouse Jazz Band Dixieland Fakebook,190
I Ain't Gonna Give Nobody None Of My Jelly Roll,the Firehouse Jazz Band Dixieland Fakebook,191
Yama Yama Man (The),the Firehouse Jazz Band Dixieland Fakebook,193
Four Or Five Times,the Firehouse Jazz Band Dixieland Fakebook,194
Petite Fleur,the Firehouse Jazz Band Dixieland Fakebook,195
Singin' The Blues,the Firehouse Jazz Band Dixieland Fakebook,197
Angry,the Firehouse Jazz Band Dixieland Fakebook,198
Bluin' The Blues,the Firehouse Jazz Band Dixieland Fakebook,199
Huggin' & A Chalkin' (A),the Firehouse Jazz Band Dixieland Fakebook,201
South,the Firehouse Jazz Band Dixieland Fakebook,202
You Took Advantage Of Me,the Firehouse Jazz Band Dixieland Fakebook,203
Somebody Stole My Gal,the Firehouse Jazz Band Dixieland Fakebook,204
Louis-i-an-i-a,the Firehouse Jazz Band Dixieland Fakebook,205
I Wish I Coul Shimmy Like My Sister Kate,the Firehouse Jazz Band Dixieland Fakebook,207
Shake That Thing,the Firehouse Jazz Band Dixieland Fakebook,209
When You Wore A Tulip,the Firehouse Jazz Band Dixieland Fakebook,210
Your Feets Too Big,the Firehouse Jazz Band Dixieland Fakebook,211
Ace In The Hole,the Firehouse Jazz Band Dixieland Fakebook,213
Is You Is Or Is You Ain't Ma Baby?,the Firehouse Jazz Band Dixieland Fakebook,215
How Could Red Riding Hood?,the Firehouse Jazz Band Dixieland Fakebook,217
Tell 'Em 'Bout Me (When You Reach Tennessee),the Firehouse Jazz Band Dixieland Fakebook,219
Riverside Blues,the Firehouse Jazz Band Dixieland Fakebook,220
Tain't Nobody's Biz-ness If I Do,the Firehouse Jazz Band Dixieland Fakebook,221
Down In Honky-Tonk Town,the Firehouse Jazz Band Dixieland Fakebook,223
Basin Street Blues (The),the Firehouse Jazz Band Dixieland Fakebook,225
When I See All The Lovin' They Waste On Babies,the Firehouse Jazz Band Dixieland Fakebook,226
Barney Google,the Firehouse Jazz Band Dixieland Fakebook,229
Till We Meet Again,the Firehouse Jazz Band Dixieland Fakebook,231
Sweet Substitute,the Firehouse Jazz Band Dixieland Fakebook,232
New Orleans Shuffle,the Firehouse Jazz Band Dixieland Fakebook,233
Gimme A Pigfoot And A Bottle Of Beer,the Firehouse Jazz Band Dixieland Fakebook,235
Sweetheart Of Sigma Chi (The),the Firehouse Jazz Band Dixieland Fakebook,237
Bourbon Street Parade,the Firehouse Jazz Band Dixieland Fakebook,238
Fifty Miles Of Elbow Room,the Firehouse Jazz Band Dixieland Fakebook,239
Hundred Years From Today (A),the Firehouse Jazz Band Dixieland Fakebook,241
Rufe Johnson's Harmony Band,the Firehouse Jazz Band Dixieland Fakebook,243
San Francisco Bay Blues,the Firehouse Jazz Band Dixieland Fakebook,245
Play A Simple Melody,the Firehouse Jazz Band Dixieland Fakebook,247
Chimes Blues,the Firehouse Jazz Band Dixieland Fakebook,249
My Monday Date,the Firehouse Jazz Band Dixieland Fakebook,251
What-Cha Gonna Do When There Ain't No Jazz?,the Firehouse Jazz Band Dixieland Fakebook,252
Limehouse Blues,the Firehouse Jazz Band Dixieland Fakebook,253
Inka Dinka Doo,the Firehouse Jazz Band Dixieland Fakebook,255
Royal Garden Blues,the Firehouse Jazz Band Dixieland Fakebook,257
Eight Nine & Ten,the Firehouse Jazz Band Dixieland Fakebook,258
Lassus Trombone,the Firehouse Jazz Band Dixieland Fakebook,259
Sugar Foot Strut,the Firehouse Jazz Band Dixieland Fakebook,260
Grandpa's Spells,the Firehouse Jazz Band Dixieland Fakebook,261
Ice Cream,the Firehouse Jazz Band Dixieland Fakebook,263
If You Were The Only Girl In The World,the Firehouse Jazz Band Dixieland Fakebook,264
Coney Island Washboard,the Firehouse Jazz Band Dixieland Fakebook,265
From Monday On,the Firehouse Jazz Band Dixieland Fakebook,267
Find Out What They Like & How They Like It,the Firehouse Jazz Band Dixieland Fakebook,268
I'm A Ding Dong Daddy From Dumas,the Firehouse Jazz Band Dixieland Fakebook,269
Three Little Words,the Firehouse Jazz Band Dixieland Fakebook,270
Black Bottom,the Firehouse Jazz Band Dixieland Fakebook,271
Alice Blue Gown,the Firehouse Jazz Band Dixieland Fakebook,272
My Blue Heaven,the Firehouse Jazz Band Dixieland Fakebook,273
Stardust,the Firehouse Jazz Band Dixieland Fakebook,275
Spain,the Firehouse Jazz Band Dixieland Fakebook,276
Mister Jelly Lord,the Firehouse Jazz Band Dixieland Fakebook,277
Moten Swing (The),the Firehouse Jazz Band Dixieland Fakebook,278
Ol' Man Mose,the Firehouse Jazz Band Dixieland Fakebook,279
Blues In The Night,the Firehouse Jazz Band Dixieland Fakebook,281
Some Sunny Day,the Firehouse Jazz Band Dixieland Fakebook,282
Runnin' Wild,the Firehouse Jazz Band Dixieland Fakebook,283
Dead Man Blues,the Firehouse Jazz Band Dixieland Fakebook,285
Buddy Bolden Blues (Funky Butt),the Firehouse Jazz Band Dixieland Fakebook,286
At Sundown,the Firehouse Jazz Band Dixieland Fakebook,287
Down Yonder,the Firehouse Jazz Band Dixieland Fakebook,289
Sing You Sinners,the Firehouse Jazz Band Dixieland Fakebook,291
Algiers Strut,the Firehouse Jazz Band Dixieland Fakebook,292
Bay City,the Firehouse Jazz Band Dixieland Fakebook,293
Alcoholic Blues,the Firehouse Jazz Band Dixieland Fakebook,294
Tuck Me To Sleep In My Old 'Tucky Home,the Firehouse Jazz Band Dixieland Fakebook,295
New Orleans Stomp,the Firehouse Jazz Band Dixieland Fakebook,297
Mandy Make Up Your Mind,the Firehouse Jazz Band Dixieland Fakebook,298
Georgia On My Mind,the Firehouse Jazz Band Dixieland Fakebook,299
I'm Coming Virginia,the Firehouse Jazz Band Dixieland Fakebook,300
Is It True What They Say About Dixie?,the Firehouse Jazz Band Dixieland Fakebook,302
Stars Fell On Alabama,the Firehouse Jazz Band Dixieland Fakebook,303
And They Called It Dixieland,the Firehouse Jazz Band Dixieland Fakebook,304
I Gotta Right To Sing The Blues,the Firehouse Jazz Band Dixieland Fakebook,305
Sweet Georgia Brown,the Firehouse Jazz Band Dixieland Fakebook,306
Puttin' On The Ritz,the Firehouse Jazz Band Dixieland Fakebook,309
My Bucket's Got A Hole In It,the Firehouse Jazz Band Dixieland Fakebook,310
New Orleans Music,the Firehouse Jazz Band Dixieland Fakebook,311
Irish Black Bottom,the Firehouse Jazz Band Dixieland Fakebook,313
I Like New Orleans,the Firehouse Jazz Band Dixieland Fakebook,314
Mardi Gras Mambo,the Firehouse Jazz Band Dixieland Fakebook,315
One Sweet Letter From You,the Firehouse Jazz Band Dixieland Fakebook,316
Up A Lazy River,the Firehouse Jazz Band Dixieland Fakebook,317
After I Say I'm Sorry,the Firehouse Jazz Band Dixieland Fakebook,318
St. James Infirmary,the Firehouse Jazz Band Dixieland Fakebook,318
Shine,the Firehouse Jazz Band Dixieland Fakebook,319
Jazz Me Blues (The),the Firehouse Jazz Band Dixieland Fakebook,320
Bye Bye Blackbird (I'm Your Mailman),the Firehouse Jazz Band Dixieland Fakebook,321
Who Did You Meet Last Night?,the Firehouse Jazz Band Dixieland Fakebook,322
I Like Bananas,the Firehouse Jazz Band Dixieland Fakebook,323
In A Shanty In Old Shanty Town,the Firehouse Jazz Band Dixieland Fakebook,324
Mahogany Hall Stomp,the Firehouse Jazz Band Dixieland Fakebook,325
Maple Leaf Rag (The),the Firehouse Jazz Band Dixieland Fakebook,326
Oh Lady Be Good!,the Firehouse Jazz Band Dixieland Fakebook,327
Girl Of My Dreams,the Firehouse Jazz Band Dixieland Fakebook,329
Somebody Loves Me,the Firehouse Jazz Band Dixieland Fakebook,330
Joe Avery Blues,the Firehouse Jazz Band Dixieland Fakebook,331
King Porter Stomp (The),the Firehouse Jazz Band Dixieland Fakebook,332
Chant (The),the Firehouse Jazz Band Dixieland Fakebook,334
Suez,the Firehouse Jazz Band Dixieland Fakebook,336
When The Saints Go Marching In,the Firehouse Jazz Band Dixieland Fakebook,338
Honeysuckle Rose,the Firehouse Jazz Band Dixieland Fakebook,340
Just A Closer Walk,the Firehouse Jazz Band Dixieland Fakebook,342
Ma (He's Making Eyes At Me!),the Firehouse Jazz Band Dixieland Fakebook,343
Never Hit Your Grandma With A Shovel,the Firehouse Jazz Band Dixieland Fakebook,344
Everybody Loves My Baby,the Firehouse Jazz Band Dixieland Fakebook,346
Rockin' Chair,the Firehouse Jazz Band Dixieland Fakebook,348
Nobody's Sweetheart,the Firehouse Jazz Band Dixieland Fakebook,350
St. Louis Blues,the Firehouse Jazz Band Dixieland Fakebook,352
I've Found A New Baby,the Firehouse Jazz Band Dixieland Fakebook,354
That's A Plenty,the Firehouse Jazz Band Dixieland Fakebook,356
Hello Dolly,the Firehouse Jazz Band Dixieland Fakebook,359
(Back Home Again In) Indiana,the Firehouse Jazz Band Dixieland Fakebook,360
My Melancholy Baby,the Firehouse Jazz Band Dixieland Fakebook,362
Alexander's Ragtime Band,the Firehouse Jazz Band Dixieland Fakebook,364
Rock-A-Bye Your Baby With A Dixie Melody,the Firehouse Jazz Band Dixieland Fakebook,366
12th Street Rag (The),the Firehouse Jazz Band Dixieland Fakebook,368
Darktown Strutters' Ball (The),the Firehouse Jazz Band Dixieland Fakebook,369
Chinatown My Chinatown,the Firehouse Jazz Band Dixieland Fakebook,370
All The Girls Go Crazy 'Bout The Way I Walk (All The Whores Like The Way I Ride),the Firehouse Jazz Band Dixieland Fakebook,372
Ain't Misbehavin',the Firehouse Jazz Band Dixieland Fakebook,374
Ballin' The Jack,the Firehouse Jazz Band Dixieland Fakebook,376
Back To Storyville,the Firehouse Jazz Band Dixieland Fakebook,378
Lasses Candy,the Firehouse Jazz Band Dixieland Fakebook,379
Ida Sweet As Apple Cider,the Firehouse Jazz Band Dixieland Fakebook,380
Riverboat Shuffle,the Firehouse Jazz Band Dixieland Fakebook,382
Cornet Chop Suey,the Firehouse Jazz Band Dixieland Fakebook,384
Hot Lips,the Firehouse Jazz Band Dixieland Fakebook,386
Aunt Hagar's Blues,the Firehouse Jazz Band Dixieland Fakebook,387
Sweet Lorraine,the Firehouse Jazz Band Dixieland Fakebook,388
Sweet Sue,the Firehouse Jazz Band Dixieland Fakebook,390
Avalon,the Firehouse Jazz Band Dixieland Fakebook,391
Someday Sweetheart,the Firehouse Jazz Band Dixieland Fakebook,392
I've Got A Feeling I'm Falling,the Firehouse Jazz Band Dixieland Fakebook,394
Dixie Jamboree,the Firehouse Jazz Band Dixieland Fakebook,396
Dinah,the Firehouse Jazz Band Dixieland Fakebook,398
Satanic Blues,the Firehouse Jazz Band Dixieland Fakebook,400
Rose Of Washington Square,the Firehouse Jazz Band Dixieland Fakebook,401
Shake It & Break It (Weary Blues),the Firehouse Jazz Band Dixieland Fakebook,403
Careless Love (Loveless Love),the Firehouse Jazz Band Dixieland Fakebook,405
Eh La Bas,the Firehouse Jazz Band Dixieland Fakebook,406
Jus A Little While To Stay Here,the Firehouse Jazz Band Dixieland Fakebook,407
Over In Glory Land,the Firehouse Jazz Band Dixieland Fakebook,408
Please Don't Talk About Me When I'm Gone,the Firehouse Jazz Band Dixieland Fakebook,409
Take My Hand Precious Lord,the Firehouse Jazz Band Dixieland Fakebook,411
Rose Room,the Firehouse Jazz Band Dixieland Fakebook,412
Marie,the Firehouse Jazz Band Dixieland Fakebook,413
Margie,the Firehouse Jazz Band Dixieland Fakebook,415
Save It Pretty Mama,the Firehouse Jazz Band Dixieland Fakebook,417
Duff Campbell's Revenge,the Firehouse Jazz Band Dixieland Fakebook,418
Kansas City Kitty,the Firehouse Jazz Band Dixieland Fakebook,420
High Society,the Firehouse Jazz Band Dixieland Fakebook,421
Savoy Blues,the Firehouse Jazz Band Dixieland Fakebook,424
Over The Waves,the Firehouse Jazz Band Dixieland Fakebook,425
Down At The Old Firehall,the Firehouse Jazz Band Dixieland Fakebook,426
Eccentric (That Eccentric Rag),the Firehouse Jazz Band Dixieland Fakebook,427
Dardanella,the Firehouse Jazz Band Dixieland Fakebook,429
Mama Goes Where Papa Goes,the Firehouse Jazz Band Dixieland Fakebook,431
I Can't Believe That You're In Love With Me,the Firehouse Jazz Band Dixieland Fakebook,433
Rain,the Firehouse Jazz Band Dixieland Fakebook,434
Tain't No Sin To Take Off Your Skin & Dance Around In Your Bones,the Firehouse Jazz Band Dixieland Fakebook,435
Ragged But Right,the Firehouse Jazz Band Dixieland Fakebook,437
I'm Confessin' That I Love You,the Firehouse Jazz Band Dixieland Fakebook,438
Cherry,the Firehouse Jazz Band Dixieland Fakebook,439
Take Me To The Land Of Jazz,the Firehouse Jazz Band Dixieland Fakebook,441
That's My Home,the Firehouse Jazz Band Dixieland Fakebook,442
Emaline,the Firehouse Jazz Band Dixieland Fakebook,443
If I Could Be With You One Hour Tonight,the Firehouse Jazz Band Dixieland Fakebook,444
When It's Sleepy Time Down South,the Firehouse Jazz Band Dixieland Fakebook,445
Who's Sorry Now?,the Firehouse Jazz Band Dixieland Fakebook,447
Changes,the Firehouse Jazz Band Dixieland Fakebook,449
West End Blues,the Firehouse Jazz Band Dixieland Fakebook,451
So Long Dearie,the Firehouse Jazz Band Dixieland Fakebook,453
Goofus,the Firehouse Jazz Band Dixieland Fakebook,455
June Night,the Firehouse Jazz Band Dixieland Fakebook,457
Wedding Bells (Are Breaking Up That Old Gang Of Mine),the Firehouse Jazz Band Dixieland Fakebook,458
Body & Soul,the Firehouse Jazz Band Dixieland Fakebook,459
What Can I Say Dear After I Say I'm Sorry,the Firehouse Jazz Band Dixieland Fakebook,460
The Curse Of An Aching Heart,the Firehouse Jazz Band Dixieland Fakebook,461
If I Had You,the Firehouse Jazz Band Dixieland Fakebook,462
Chlo-E (Song Of The Swamp),the Firehouse Jazz Band Dixieland Fakebook,463
Clementine (From New Orleans),the Firehouse Jazz Band Dixieland Fakebook,465
Beale St. Blues,the Firehouse Jazz Band Dixieland Fakebook,467
Beale St. Mama,the Firehouse Jazz Band Dixieland Fakebook,468
At A Georgia Camp Meeting,the Firehouse Jazz Band Dixieland Fakebook,469
Basin St. Stomp (The),the Firehouse Jazz Band Dixieland Fakebook,470
Do What Ory Say,the Firehouse Jazz Band Dixieland Fakebook,471
Oh Didn't He Ramble,the Firehouse Jazz Band Dixieland Fakebook,472
Roses Of Picardy,the Firehouse Jazz Band Dixieland Fakebook,473
Bye Bye Blues,the Firehouse Jazz Band Dixieland Fakebook,474
Melancholy Blues,the Firehouse Jazz Band Dixieland Fakebook,475
Just Wait 'Til You See My Baby Do The Charleston,the Firehouse Jazz Band Dixieland Fakebook,477
Whiffenpoof Song (The),the Firehouse Jazz Band Dixieland Fakebook,479
Yerba Buena Blues,the Firehouse Jazz Band Dixieland Fakebook,480
Dixieland Band (The),the Firehouse Jazz Band Dixieland Fakebook,481
If I Ever Cease To Love,the Firehouse Jazz Band Dixieland Fakebook,483
Lulu's Back In Town,the Firehouse Jazz Band Dixieland Fakebook,484
Don't Bring Lulu,the Firehouse Jazz Band Dixieland Fakebook,485
Tia Juana,the Firehouse Jazz Band Dixieland Fakebook,487
When Erastus Plays His Old Kazoo,the Firehouse Jazz Band Dixieland Fakebook,489
Mabel's Dream,the Firehouse Jazz Band Dixieland Fakebook,491
Buddy's Habit,the Firehouse Jazz Band Dixieland Fakebook,493
I'll Be A Friend With Pleasure,the Firehouse Jazz Band Dixieland Fakebook,495
Winin' Boy (The Winin' Boy Blues),the Firehouse Jazz Band Dixieland Fakebook,496
Shim-Me-Sha-Wabble,the Firehouse Jazz Band Dixieland Fakebook,497
Down Home Rag (The),the Firehouse Jazz Band Dixieland Fakebook,498
Baby Face,the Firehouse Jazz Band Dixieland Fakebook,499
Daddy Do,the Firehouse Jazz Band Dixieland Fakebook,501
My Heart,the Firehouse Jazz Band Dixieland Fakebook,503
I Double Dare You,the Firehouse Jazz Band Dixieland Fakebook,505
Minnie The Mermaid,the Firehouse Jazz Band Dixieland Fakebook,506
Thou Swell,the Firehouse Jazz Band Dixieland Fakebook,507
Georgia Bo-Bo,the Firehouse Jazz Band Dixieland Fakebook,508
Jelly Roll Blues (The),the Firehouse Jazz Band Dixieland Fakebook,509
Palesteena (Lena The Queen's Palesteena),the Firehouse Jazz Band Dixieland Fakebook,511
Lonesomest Gal In Town (The),the Firehouse Jazz Band Dixieland Fakebook,513
Bugle Call Rag (The),the Firehouse Jazz Band Dixieland Fakebook,515
Jamboree Jones,the Firehouse Jazz Band Dixieland Fakebook,517
Floatin' Down To Cotton Town,the Firehouse Jazz Band Dixieland Fakebook,519
Sailing Down Chesapeake Bay,the Firehouse Jazz Band Dixieland Fakebook,521
Minor Drag (The),the Firehouse Jazz Band Dixieland Fakebook,522
Moonlight On The Ganges,the Firehouse Jazz Band Dixieland Fakebook,523
Storyville Blues (The),the Firehouse Jazz Band Dixieland Fakebook,525
Trouble In Mind,the Firehouse Jazz Band Dixieland Fakebook,526
Hotter Than That,the Firehouse Jazz Band Dixieland Fakebook,527
Davenport Blues,the Firehouse Jazz Band Dixieland Fakebook,529
Since My Best Gal Turned Me Down,the Firehouse Jazz Band Dixieland Fakebook,531
New Orleans Joys,the Firehouse Jazz Band Dixieland Fakebook,533
Walkin' The Dog,the Firehouse Jazz Band Dixieland Fakebook,534
Atlanta Blues (Make Me One Pallet On Your Floor),the Firehouse Jazz Band Dixieland Fakebook,535
My Baby,the Firehouse Jazz Band Dixieland Fakebook,537
You've Been A Good Ol' Wagon (But You Done Broke Down),the Firehouse Jazz Band Dixieland Fakebook,538
You're A Million Miles From Nowhere (When You're One Little Mile From Home),the Firehouse Jazz Band Dixieland Fakebook,539
Frankie & Johnnie,the Firehouse Jazz Band Dixieland Fakebook,541
You'v Got To See Mamma Ev'ry Night (Or You Can't See Mamma At All),the Firehouse Jazz Band Dixieland Fakebook,542
Indian Love Call,the Firehouse Jazz Band Dixieland Fakebook,543
Sadie Green (The Vamp Of New Orleans),the Firehouse Jazz Band Dixieland Fakebook,545
Gone,the Firehouse Jazz Band Dixieland Fakebook,548
Baby Won't You Please Come Home,the Firehouse Jazz Band Dixieland Fakebook,549
You Can Depend On Me,the Firehouse Jazz Band Dixieland Fakebook,550
When Ragtime Rosie Ragged The Rosary,the Firehouse Jazz Band Dixieland Fakebook,551
Hesitating Blues (The),the Firehouse Jazz Band Dixieland Fakebook,553
Strut Miss Lizzie,the Firehouse Jazz Band Dixieland Fakebook,555
I'm Getting Sentimental (F Major),the Firehouse Jazz Band Dixieland Fakebook,557
I'm Getting Sentimental (Bb Major),the Firehouse Jazz Band Dixieland Fakebook,558
Aun't Hagar's Blues (Aun't Hagar's Children Blues),the Firehouse Jazz Band Dixieland Fakebook,559
Lone Gone (From Bowlin' Green),the Firehouse Jazz Band Dixieland Fakebook,561
Here Comes My Ball & Chain,the Firehouse Jazz Band Dixieland Fakebook,563
When The Midnight Choo-Choo Leaves For Alabam',the Firehouse Jazz Band Dixieland Fakebook,565
Aggravatin' Papa (Don't You Try To Two-Time Me),the Firehouse Jazz Band Dixieland Fakebook,567
At The Devil's Ball,the Firehouse Jazz Band Dixieland Fakebook,569
Mandy (There's A Mister Handy),the Firehouse Jazz Band Dixieland Fakebook,571
Red Hot Mama,the Firehouse Jazz Band Dixieland Fakebook,572
Sunset Cafe Stomp,the Firehouse Jazz Band Dixieland Fakebook,573
Skeleton Jangle,the Firehouse Jazz Band Dixieland Fakebook,575
It's Tight Like That,the Firehouse Jazz Band Dixieland Fakebook,577
Love Me Or Leave Me,the Firehouse Jazz Band Dixieland Fakebook,578
Burnin' The Iceberg,the Firehouse Jazz Band Dixieland Fakebook,579
Pearls (The),the Firehouse Jazz Band Dixieland Fakebook,581
Willie The Weeper,the Firehouse Jazz Band Dixieland Fakebook,583
Hear Me Talkin' To Ya',the Firehouse Jazz Band Dixieland Fakebook,584
Louisiana Fairytale,the Firehouse Jazz Band Dixieland Fakebook,585
Chattanooga Stomp,the Firehouse Jazz Band Dixieland Fakebook,587
Ciribiribin,the Firehouse Jazz Band Dixieland Fakebook,589
Bugle Boy March,the Firehouse Jazz Band Dixieland Fakebook,591
Grizzly Bear Rag (The),the Firehouse Jazz Band Dixieland Fakebook,593
World Is Waiting For The Sinrise (The),the Firehouse Jazz Band Dixieland Fakebook,594
Farewell To Storyville (The Good Time Flat Blues),the Firehouse Jazz Band Dixieland Fakebook,595
(Here Comes The) Hot Tamale Man,the Firehouse Jazz Band Dixieland Fakebook,596
Lovin' Sam (The Sheik Of Alabam'),the Firehouse Jazz Band Dixieland Fakebook,598
Pagan Love Song,the Firehouse Jazz Band Dixieland Fakebook,600
Ble (And Broken-Hearted),the Firehouse Jazz Band Dixieland Fakebook,601
He May Be Your Man (But He Comes To See Me Sometimes),the Firehouse Jazz Band Dixieland Fakebook,602
Dear Old Southland,the Firehouse Jazz Band Dixieland Fakebook,604
Old Fashioned Love,the Firehouse Jazz Band Dixieland Fakebook,605
Roll The Patrol,the Firehouse Jazz Band Dixieland Fakebook,606
Stumbling,the Firehouse Jazz Band Dixieland Fakebook,608
Silver Dollar,the Firehouse Jazz Band Dixieland Fakebook,609
How Come You Do Me Like You Do?,the Firehouse Jazz Band Dixieland Fakebook,610
Coquette,the Firehouse Jazz Band Dixieland Fakebook,611
Pretty Baby,the Firehouse Jazz Band Dixieland Fakebook,612
Corrine Corrina,the Firehouse Jazz Band Dixieland Fakebook,613
Jimtown Blues,the Firehouse Jazz Band Dixieland Fakebook,614
Sobbin' Blues,the Firehouse Jazz Band Dixieland Fakebook,616
Wild Man Blues,the Firehouse Jazz Band Dixieland Fakebook,617
Lucy Long,the Firehouse Jazz Band Dixieland Fakebook,618
Chicago Breakdown,the Firehouse Jazz Band Dixieland Fakebook,620
Down In Jungle Town,the Firehouse Jazz Band Dixieland Fakebook,622
She Looks Like Helen Brown,the Firehouse Jazz Band Dixieland Fakebook,623
Minnie The Moocher,the Firehouse Jazz Band Dixieland Fakebook,624
Second Hand Rose,the Firehouse Jazz Band Dixieland Fakebook,626
Moanin' Low,the Firehouse Jazz Band Dixieland Fakebook,627
On The Alamo,the Firehouse Jazz Band Dixieland Fakebook,628
Yes I'm In The Barrel,the Firehouse Jazz Band Dixieland Fakebook,630
American Patrol (The),the Firehouse Jazz Band Dixieland Fakebook,631
How Can You Face Me?,the Firehouse Jazz Band Dixieland Fakebook,632
Stavin' Change,the Firehouse Jazz Band Dixieland Fakebook,634
March Of The Bobcats,the Firehouse Jazz Band Dixieland Fakebook,635
Big Boy,the Firehouse Jazz Band Dixieland Fakebook,636
Because My Baby Don't Mean 'Maybe' Now,the Firehouse Jazz Band Dixieland Fakebook,637
I Love My Baby,the Firehouse Jazz Band Dixieland Fakebook,638
Rhythm King,the Firehouse Jazz Band Dixieland Fakebook,640
Bessie Couldn't Help It,the Firehouse Jazz Band Dixieland Fakebook,642
Black Bottom Stomp (The) (Queen Of Spades),the Firehouse Jazz Band Dixieland Fakebook,644
For Sale (Hannah Johnson's Big Black Ass),the Firehouse Jazz Band Dixieland Fakebook,645
Papa De-Da-Da (A New Orleans Stomp),the Firehouse Jazz Band Dixieland Fakebook,646
Doin' The New Low-Down,the Firehouse Jazz Band Dixieland Fakebook,647
Some Sweet Day,the Firehouse Jazz Band Dixieland Fakebook,648
Whiteman Stomp (The),the Firehouse Jazz Band Dixieland Fakebook,650
Emperor Norton's Hunch,the Firehouse Jazz Band Dixieland Fakebook,652
I'm Wild About Horns On Automobiles,the Firehouse Jazz Band Dixieland Fakebook,653
My Window Faces The South,the Firehouse Jazz Band Dixieland Fakebook,655
Hyena Stomp,the Firehouse Jazz Band Dixieland Fakebook,657
Burgundy Street Blues (The),the Firehouse Jazz Band Dixieland Fakebook,659
Perdido,the Firehouse Jazz Band Dixieland Fakebook,660
Big Bear Stomp,the Firehouse Jazz Band Dixieland Fakebook,661
Take Your Tomorrow,the Firehouse Jazz Band Dixieland Fakebook,663
Right Or Wrong,the Firehouse Jazz Band Dixieland Fakebook,666
Blue River,the Firehouse Jazz Band Dixieland Fakebook,668
Creole Belles,the Firehouse Jazz Band Dixieland Fakebook,670
That's Where The South Begins,the Firehouse Jazz Band Dixieland Fakebook,672
Just A Gigolo,the Firehouse Jazz Band Dixieland Fakebook,673
Zonky,the Firehouse Jazz Band Dixieland Fakebook,674
Egyptian Ella,the Firehouse Jazz Band Dixieland Fakebook,676
Down In Borneo Isle,the Firehouse Jazz Band Dixieland Fakebook,678
Annie Street Rock,the Firehouse Jazz Band Dixieland Fakebook,680
Jazz Baby,the Firehouse Jazz Band Dixieland Fakebook,682
Sophisticated Lady,the Firehouse Jazz Band Dixieland Fakebook,684
Afghanistan (A Romance Of Asia),the Firehouse Jazz Band Dixieland Fakebook,685
Who Threw Whiskey In The Well?,the Firehouse Jazz Band Dixieland Fakebook,686
I Can't Let 'Em Suffer,the Firehouse Jazz Band Dixieland Fakebook,688
Flee As A Bird,the Firehouse Jazz Band Dixieland Fakebook,690
Borneo,the Firehouse Jazz Band Dixieland Fakebook,691
Sorry,the Firehouse Jazz Band Dixieland Fakebook,692
That Dixie Jazz,the Firehouse Jazz Band Dixieland Fakebook,694
Washboard Blues,the Firehouse Jazz Band Dixieland Fakebook,696
Red Hot & Blue Rhythm,the Firehouse Jazz Band Dixieland Fakebook,698
Tain't Nothin' Else But Jazz,the Firehouse Jazz Band Dixieland Fakebook,700
Radio Papa,the Firehouse Jazz Band Dixieland Fakebook,701
Waitin' For The Robert E. Lee,the Firehouse Jazz Band Dixieland Fakebook,702
Lazy Daddy,the Firehouse Jazz Band Dixieland Fakebook,705
Back In Your Own Back Yard,the Firehouse Jazz Band Dixieland Fakebook,706
There'll Come A Time,the Firehouse Jazz Band Dixieland Fakebook,708
Isle Of Capri (The),the Firehouse Jazz Band Dixieland Fakebook,710
Blue Prelude,the Firehouse Jazz Band Dixieland Fakebook,711
At The Codfish Ball,the Firehouse Jazz Band Dixieland Fakebook,712
Blue Again,the Firehouse Jazz Band Dixieland Fakebook,713
I'll Never Be The Same,the Firehouse Jazz Band Dixieland Fakebook,714
Jackass Blues,the Firehouse Jazz Band Dixieland Fakebook,715
That's No Bargain,the Firehouse Jazz Band Dixieland Fakebook,716
Don't Take That Black Bottom Away,the Firehouse Jazz Band Dixieland Fakebook,718
Ol' Man River,the Firehouse Jazz Band Dixieland Fakebook,720
Midnight Mamma,the Firehouse Jazz Band Dixieland Fakebook,722
Wild Cherries Rag,the Firehouse Jazz Band Dixieland Fakebook,724
My Little Bimbo Down On The Bamboo Isle,the Firehouse Jazz Band Dixieland Fakebook,726
Nobody Knows What A Red-Head Mamma Can Do,the Firehouse Jazz Band Dixieland Fakebook,728
Sleepy Time Gal,the Firehouse Jazz Band Dixieland Fakebook,730
World's Jazz Crazy (And So Am I) (The),the Firehouse Jazz Band Dixieland Fakebook,731
Cleopatra Had A Jazz Band,the Firehouse Jazz Band Dixieland Fakebook,732
My Pretty Girl,the Firehouse Jazz Band Dixieland Fakebook,734
Love Nest (The),the Firehouse Jazz Band Dixieland Fakebook,736
Old Rugged Cross (The),the Firehouse Jazz Band Dixieland Fakebook,737
She's A Great Great Girl,the Firehouse Jazz Band Dixieland Fakebook,738
Hambone Kelly,the Firehouse Jazz Band Dixieland Fakebook,740
Temptation Blues,the Firehouse Jazz Band Dixieland Fakebook,741
I'm Goin' Huntin',the Firehouse Jazz Band Dixieland Fakebook,742
King Chanticleer,the Firehouse Jazz Band Dixieland Fakebook,744
Exactly Like You,the Firehouse Jazz Band Dixieland Fakebook,746
I Can't Give You Anything But Love,the Firehouse Jazz Band Dixieland Fakebook,747
New Orleans Hop Scop Blues,the Firehouse Jazz Band Dixieland Fakebook,748
Mooche (The),the Firehouse Jazz Band Dixieland Fakebook,751
Sweet Savannah Sue,the Firehouse Jazz Band Dixieland Fakebook,753
New Orleans Wiggle,the Firehouse Jazz Band Dixieland Fakebook,755
She's Crying For Me,the Firehouse Jazz Band Dixieland Fakebook,757
My Sweet Lovin' Man,the Firehouse Jazz Band Dixieland Fakebook,759
Am I Blue?,the Firehouse Jazz Band Dixieland Fakebook,760
Stevedore Stomp,the Firehouse Jazz Band Dixieland Fakebook,761
There Ain't No Sweet Man That's Worth The Salt Of My Tears,the Firehouse Jazz Band Dixieland Fakebook,763
Choo Choo Ch'Boogie,the Firehouse Jazz Band Dixieland Fakebook,764
Sidewalk Blues,the Firehouse Jazz Band Dixieland Fakebook,765
That's My Weakness Now,the Firehouse Jazz Band Dixieland Fakebook,767
I Guess I'll Get The Papers & Go Home,the Firehouse Jazz Band Dixieland Fakebook,768
Perdido Street Blues,the Firehouse Jazz Band Dixieland Fakebook,769
Big Noise From Winnetka,the Firehouse Jazz Band Dixieland Fakebook,771
Flat Foot Floogie (The),the Firehouse Jazz Band Dixieland Fakebook,773
Old Folks,the Firehouse Jazz Band Dixieland Fakebook,774
A Porter's Love Song To A Chambermaid,the Firehouse Jazz Band Dixieland Fakebook,775
Robbin's Nest,the Firehouse Jazz Band Dixieland Fakebook,777