Air Conditioning  ,Library Of Musicians' Jazz,12
Airegin  ,Library Of Musicians' Jazz,151
Algo Bueno ,Library Of Musicians' Jazz,5
An Oscar  For  Treadwell   ,Library Of Musicians' Jazz,8
Another  Kind   Of Soul   ,Library Of Musicians' Jazz,153
Au Privave  ,Library Of Musicians' Jazz,5
Back Home Blues  ,Library Of Musicians' Jazz,25
Back Talk  ,Library Of Musicians' Jazz,153
Bag's Groove ,Library Of Musicians' Jazz,54
Ballad (A) ,Library Of Musicians' Jazz,23
Band Aid  ,Library Of Musicians' Jazz,11
Barbados  ,Library Of Musicians' Jazz,11
Bark For Barksdale ,Library Of Musicians' Jazz,13
Basie Eyes ,Library Of Musicians' Jazz,33
Batter Up ,Library Of Musicians' Jazz,9
Bea's Flat ,Library Of Musicians' Jazz,12
Beach-Wise  ,Library Of Musicians' Jazz,155
Before And After ,Library Of Musicians' Jazz,155
Bernie's Tune  ,Library Of Musicians' Jazz,15
Billie's Bounce  ,Library Of Musicians' Jazz,13
Bimini   ,Library Of Musicians' Jazz,154
Bird Feathers  ,Library Of Musicians' Jazz,14
Bisquit Mix   ,Library Of Musicians' Jazz,156
Bloomdido   ,Library Of Musicians' Jazz,14
Blue Haze  ,Library Of Musicians' Jazz,157
Blue Seven  ,Library Of Musicians' Jazz,152
Bluebird   ,Library Of Musicians' Jazz,25
Blues By Five  ,Library Of Musicians' Jazz,152
Blues For Alice ,Library Of Musicians' Jazz,25
Blues In A Cold Water Flat ,Library Of Musicians' Jazz,157
Blues In The Closet,Library Of Musicians' Jazz,159
Blues The Most ,Library Of Musicians' Jazz,157
Boardwalk   ,Library Of Musicians' Jazz,158
Bockhanal   ,Library Of Musicians' Jazz,15
Boo Boo Be Doop ,Library Of Musicians' Jazz,6
Boomerang   ,Library Of Musicians' Jazz,160
Bop City  ,Library Of Musicians' Jazz,161
Boplicity   ,Library Of Musicians' Jazz,17
Bottoms Up  ,Library Of Musicians' Jazz,16
Bounce   ,Library Of Musicians' Jazz,26
Bouncing With Bud  ,Library Of Musicians' Jazz,17
Breakfast With Joe   ,Library Of Musicians' Jazz,41
Bright  Blues ,Library Of Musicians' Jazz,161
Brown  Gold ,Library Of Musicians' Jazz,19
Bud's Blues  ,Library Of Musicians' Jazz,18
Bud's Bubble  ,Library Of Musicians' Jazz,20
Budo   ,Library Of Musicians' Jazz,19
Bulldog Blues   ,Library Of Musicians' Jazz,27
Bunko   ,Library Of Musicians' Jazz,10
Bunny   ,Library Of Musicians' Jazz,21
Buzzy   ,Library Of Musicians' Jazz,21
Cairo   ,Library Of Musicians' Jazz,27
Captain Ahab   ,Library Of Musicians' Jazz,162
Caribbean Cutie   ,Library Of Musicians' Jazz,163
Casa De Luz  ,Library Of Musicians' Jazz,22
Champ(The)   ,Library Of Musicians' Jazz,29
Chase(The)   ,Library Of Musicians' Jazz,29
Cheryl   ,Library Of Musicians' Jazz,22
Chuckles   ,Library Of Musicians' Jazz,163
Circling The Blues  ,Library Of Musicians' Jazz,162
Cohn My Way ,Library Of Musicians' Jazz,33
Cone Pone  ,Library Of Musicians' Jazz,28
Confirmation   ,Library Of Musicians' Jazz,24
Contours   ,Library Of Musicians' Jazz,30
Cool   ,Library Of Musicians' Jazz,31
Cool Blues  ,Library Of Musicians' Jazz,37
Cool Cat On  A  Hot Tin Roof ,Library Of Musicians' Jazz,165
Cool Mix  ,Library Of Musicians' Jazz,31
Cooling It   ,Library Of Musicians' Jazz,167
Crazeology   ,Library Of Musicians' Jazz,167
Creepin' In   ,Library Of Musicians' Jazz,166
Criss Cross   ,Library Of Musicians' Jazz,168
Cruising   ,Library Of Musicians' Jazz,164
D'Jango   ,Library Of Musicians' Jazz,42
Daa Houd   ,Library Of Musicians' Jazz,34
Dandy  Line(A) ,Library Of Musicians' Jazz,7
Dear Old Stockholm  ,Library Of Musicians' Jazz,32
Debbie   ,Library Of Musicians' Jazz,169
Delilah   ,Library Of Musicians' Jazz,41
Dexterity   ,Library Of Musicians' Jazz,39
Diablo's Dance   ,Library Of Musicians' Jazz,35
Didi   ,Library Of Musicians' Jazz,36
Digits   ,Library Of Musicians' Jazz,169
Dizzy Atmosphere   ,Library Of Musicians' Jazz,39
Doggin' Around   ,Library Of Musicians' Jazz,170
Doin' The Thing  ,Library Of Musicians' Jazz,173
Don't Argue  ,Library Of Musicians' Jazz,171
Donna Lee  ,Library Of Musicians' Jazz,38
Doodlin   ,Library Of Musicians' Jazz,171
Dot's Groovy  ,Library Of Musicians' Jazz,43
Down For Double ,Library Of Musicians' Jazz,172
Down Tempo  ,Library Of Musicians' Jazz,173
Doxy   ,Library Of Musicians' Jazz,43
Duff   ,Library Of Musicians' Jazz,173
Duke (The)  ,Library Of Musicians' Jazz,216
Early Autumn  ,Library Of Musicians' Jazz,40
Early Spring  ,Library Of Musicians' Jazz,45
East Coast Outpost  ,Library Of Musicians' Jazz,175
Eb Pob   ,Library Of Musicians' Jazz,45
Edie McLin  ,Library Of Musicians' Jazz,175
El Yorke  ,Library Of Musicians' Jazz,176
Elevation   ,Library Of Musicians' Jazz,46
Eleven Sixty   ,Library Of Musicians' Jazz,46
Emanon   ,Library Of Musicians' Jazz,49
Ergo   ,Library Of Musicians' Jazz,49
Eronel   ,Library Of Musicians' Jazz,177
Everywhere   ,Library Of Musicians' Jazz,47
Fat Man (The)  ,Library Of Musicians' Jazz,213
Feather Merchant  ,Library Of Musicians' Jazz,48
Feelin' Fine  ,Library Of Musicians' Jazz,176
Fifty Second Street Theme   ,Library Of Musicians' Jazz,17
Figure 8  ,Library Of Musicians' Jazz,48
Five Brothers  ,Library Of Musicians' Jazz,51
Flash   ,Library Of Musicians' Jazz,53
For Stompers Only  ,Library Of Musicians' Jazz,50
Four   ,Library Of Musicians' Jazz,53
Four Brothers  ,Library Of Musicians' Jazz,51
Four Mothers  ,Library Of Musicians' Jazz,52
Frank 'N Earnest   ,Library Of Musicians' Jazz,174
Freckles   ,Library Of Musicians' Jazz,54
Fruit (The)   ,Library Of Musicians' Jazz,44
Gerry's Blues  ,Library Of Musicians' Jazz,177
Gina   ,Library Of Musicians' Jazz,179
Godchild   ,Library Of Musicians' Jazz,50
Good Bait  ,Library Of Musicians' Jazz,55
Groovin' High   ,Library Of Musicians' Jazz,59
Groovus Mentus   ,Library Of Musicians' Jazz,178
Guatemala   ,Library Of Musicians' Jazz,178
H. And J.  ,Library Of Musicians' Jazz,67
Half Dozen (The)  ,Library Of Musicians' Jazz,57
Half Nelson  ,Library Of Musicians' Jazz,55
Hallucinations   ,Library Of Musicians' Jazz,57
Hankerin   ,Library Of Musicians' Jazz,179
Happy Little Sunbeam ,Library Of Musicians' Jazz,56
Hayseed   ,Library Of Musicians' Jazz,181
Hello   ,Library Of Musicians' Jazz,180
Herbstone   ,Library Of Musicians' Jazz,60
Hershey Bar   ,Library Of Musicians' Jazz,61
Hip Bones   ,Library Of Musicians' Jazz,181
Hippy   ,Library Of Musicians' Jazz,183
I Know Don't Know How,Library Of Musicians' Jazz,63
I Remember  ,Library Of Musicians' Jazz,185
In A Cello Mood,Library Of Musicians' Jazz,183
in The Mode ,Library Of Musicians' Jazz,62
In The Nick Of Time,Library Of Musicians' Jazz,58
Indian Club  ,Library Of Musicians' Jazz,61
Inside Out  ,Library Of Musicians' Jazz,65
It's Sand Man    ,Library Of Musicians' Jazz,67
Jackleg   ,Library Of Musicians' Jazz,184
Jam For Your Bread   ,Library Of Musicians' Jazz,187
Jasmin   ,Library Of Musicians' Jazz,68
Jazzbo's Haunt  ,Library Of Musicians' Jazz,69
Je Ne Sais Pas  ,Library Of Musicians' Jazz,69
Jeanie   ,Library Of Musicians' Jazz,186
Jeru   ,Library Of Musicians' Jazz,71
Jive At Five  ,Library Of Musicians' Jazz,71
Jolly Jumps In  ,Library Of Musicians' Jazz,185
Jolly Lodger  ,Library Of Musicians' Jazz,187
Jordu   ,Library Of Musicians' Jazz,70
Joy Spring  ,Library Of Musicians' Jazz,64
Jump For Me  ,Library Of Musicians' Jazz,73
Jumping With Symphony Sid ,Library Of Musicians' Jazz,65
Just A Few  ,Library Of Musicians' Jazz,66
K. C. Blues   ,Library Of Musicians' Jazz,85
La Mucura  ,Library Of Musicians' Jazz,75
Lady Bird  ,Library Of Musicians' Jazz,75
Lady McGowan's Dream ,Library Of Musicians' Jazz,73
Lands End   ,Library Of Musicians' Jazz,189
Lee   ,Library Of Musicians' Jazz,79
Left Bank  ,Library Of Musicians' Jazz,76
Lillie   ,Library Of Musicians' Jazz,188
Limelight   ,Library Of Musicians' Jazz,77
Line For Lyons  ,Library Of Musicians' Jazz,77
Little Duet  ,Library Of Musicians' Jazz,74
Little Taste(A)  ,Library Of Musicians' Jazz,186
Little Willie Leaps  ,Library Of Musicians' Jazz,78
Local 802 Blues   ,Library Of Musicians' Jazz,115
Local Blues   ,Library Of Musicians' Jazz,115
Lonely Dreams  ,Library Of Musicians' Jazz,191
Lullaby Of Birdland ,Library Of Musicians' Jazz,81
Maid In Mexico  ,Library Of Musicians' Jazz,81
Mambo Del Crow   ,Library Of Musicians' Jazz,79
Martians Go Home  ,Library Of Musicians' Jazz,189
May-Rey   ,Library Of Musicians' Jazz,80
Meet Mr. Gordon  ,Library Of Musicians' Jazz,143
Mellophone Mambo   ,Library Of Musicians' Jazz,85
Memo's Blues   ,Library Of Musicians' Jazz,63
Michele's Meditation   ,Library Of Musicians' Jazz,191
Midgets   ,Library Of Musicians' Jazz,193
Midnight  Sun ,Library Of Musicians' Jazz,82
Minor Blues  ,Library Of Musicians' Jazz,85
Minor's Holiday   ,Library Of Musicians' Jazz,190
Miss Jackies Delight   ,Library Of Musicians' Jazz,193
Misterioso   ,Library Of Musicians' Jazz,193
Mohawk   ,Library Of Musicians' Jazz,87
Monti Celli   ,Library Of Musicians' Jazz,194
Morpo   ,Library Of Musicians' Jazz,89
Motel   ,Library Of Musicians' Jazz,89
Motion   ,Library Of Musicians' Jazz,83
Move   ,Library Of Musicians' Jazz,88
My Little Suede Shoes ,Library Of Musicians' Jazz,90
Nick's Knacks  ,Library Of Musicians' Jazz,83
Night In Tunesia(A) ,Library Of Musicians' Jazz,7
Night Life  ,Library Of Musicians' Jazz,84
Nights At The Turntable  ,Library Of Musicians' Jazz,93
No Ties  ,Library Of Musicians' Jazz,93
No. 251   ,Library Of Musicians' Jazz,195
Not Really The Blues   ,Library Of Musicians' Jazz,197
Now Is The Time,Library Of Musicians' Jazz,94
Nutty Pine   ,Library Of Musicians' Jazz,192
O Go Mo   ,Library Of Musicians' Jazz,95
Oblivion   ,Library Of Musicians' Jazz,195
Off Minor  ,Library Of Musicians' Jazz,196
Off To The Races   ,Library Of Musicians' Jazz,197
Oh Play That Thing  ,Library Of Musicians' Jazz,198
On The Scene ,Library Of Musicians' Jazz,199
One For Daddy-O ,Library Of Musicians' Jazz,199
Onion Bottom   ,Library Of Musicians' Jazz,95
Ontet   ,Library Of Musicians' Jazz,96
Open Country  ,Library Of Musicians' Jazz,97
Opus De Funk ,Library Of Musicians' Jazz,86
Ornithology   ,Library Of Musicians' Jazz,97
Out Of Somewhere ,Library Of Musicians' Jazz,98
Ow   ,Library Of Musicians' Jazz,101
Palermo Walk  ,Library Of Musicians' Jazz,200
Parisienne Thorofare   ,Library Of Musicians' Jazz,99
Patti-Cake   ,Library Of Musicians' Jazz,201
Paul's Pal   ,Library Of Musicians' Jazz,200
Pent-Up House  ,Library Of Musicians' Jazz,216
Pernod   ,Library Of Musicians' Jazz,201
Pesky Serpent (The)   ,Library Of Musicians' Jazz,101
Pete's Meat  ,Library Of Musicians' Jazz,202
Pimlico   ,Library Of Musicians' Jazz,207
Pirouette   ,Library Of Musicians' Jazz,102
Popo   ,Library Of Musicians' Jazz,103
Pot Luck   ,Library Of Musicians' Jazz,103
Powder  Puff ,Library Of Musicians' Jazz,105
Preacher (The)   ,Library Of Musicians' Jazz,86
Prime Rib   ,Library Of Musicians' Jazz,111
Prince  Albert ,Library Of Musicians' Jazz,91
Prodefunctus   ,Library Of Musicians' Jazz,104
Quasimado   ,Library Of Musicians' Jazz,105
Quicksilver   ,Library Of Musicians' Jazz,91
Ragamuffin   ,Library Of Musicians' Jazz,107
Rattler's Groove   ,Library Of Musicians' Jazz,203
Red Door (The)  ,Library Of Musicians' Jazz,99
Rick's Tricks   ,Library Of Musicians' Jazz,100
Riviera   ,Library Of Musicians' Jazz,205
Rocker   ,Library Of Musicians' Jazz,111
Room 608   ,Library Of Musicians' Jazz,206
Rubberneck   ,Library Of Musicians' Jazz,107
Russ job  ,Library Of Musicians' Jazz,113
Rustic Hop   ,Library Of Musicians' Jazz,113
Salute To Charlie Christian   ,Library Of Musicians' Jazz,109
Sam's Tune  ,Library Of Musicians' Jazz,207
Scrapple  The Apple ,Library Of Musicians' Jazz,114
Seaside   ,Library Of Musicians' Jazz,109
Section Blues   ,Library Of Musicians' Jazz,209
Senor Blues   ,Library Of Musicians' Jazz,208
Serenade To  A  Bus Seat,Library Of Musicians' Jazz,204
Sermonette   ,Library Of Musicians' Jazz,209
Sextet   ,Library Of Musicians' Jazz,121
Shank's Pranks   ,Library Of Musicians' Jazz,115
Short Stop  ,Library Of Musicians' Jazz,106
Si Si   ,Library Of Musicians' Jazz,118
Signal   ,Library Of Musicians' Jazz,117
Silverware   ,Library Of Musicians' Jazz,210
Simbah   ,Library Of Musicians' Jazz,87
Sleepy Bop   ,Library Of Musicians' Jazz,119
So Sorry Please  ,Library Of Musicians' Jazz,119
Soft Shoe   ,Library Of Musicians' Jazz,116
Solar   ,Library Of Musicians' Jazz,211
Something For Lisa  ,Library Of Musicians' Jazz,108
Sonny Side   ,Library Of Musicians' Jazz,110
Sonny Speaks   ,Library Of Musicians' Jazz,121
Spectacular   ,Library Of Musicians' Jazz,211
Split Kick  ,Library Of Musicians' Jazz,125
Spontaneous Combustion   ,Library Of Musicians' Jazz,118
Squirrel (The)   ,Library Of Musicians' Jazz,122
St. Thomas  ,Library Of Musicians' Jazz,150
Sticks And Stems   ,Library Of Musicians' Jazz,131
Stop Time   ,Library Of Musicians' Jazz,212
Sudwest Funk   ,Library Of Musicians' Jazz,212
Summer Setting  ,Library Of Musicians' Jazz,129
Surf Ride   ,Library Of Musicians' Jazz,127
Swedish Pastry   ,Library Of Musicians' Jazz,112
Swedish Schnapps   ,Library Of Musicians' Jazz,120
Sweet Clifford  ,Library Of Musicians' Jazz,213
Swing House  ,Library Of Musicians' Jazz,123
Swing Until The Girls Come Home ,Library Of Musicians' Jazz,130
Swinging The Blues ,Library Of Musicians' Jazz,129
Tahiti   ,Library Of Musicians' Jazz,127
Tamalpais   ,Library Of Musicians' Jazz,141
Taps Miller  ,Library Of Musicians' Jazz,131
Tasty Pudding  ,Library Of Musicians' Jazz,135
That's What I'm Talking About ,Library Of Musicians' Jazz,130
Theme (The)  ,Library Of Musicians' Jazz,135
This Reminds Me Of You  ,Library Of Musicians' Jazz,136
Thriving On A Riff   ,Library Of Musicians' Jazz,133
Tickle Toe   ,Library Of Musicians' Jazz,128
Tiny Capers  ,Library Of Musicians' Jazz,139
Tommyhawk   ,Library Of Musicians' Jazz,126
Tootsie Roll   ,Library Of Musicians' Jazz,137
Topsy   ,Library Of Musicians' Jazz,139
Travisimo   ,Library Of Musicians' Jazz,141
Tribute To Brownie  ,Library Of Musicians' Jazz,214
Trickleydidlier   ,Library Of Musicians' Jazz,140
Trumpet. Blues   ,Library Of Musicians' Jazz,132
Tune Up  ,Library Of Musicians' Jazz,215
Turnstile   ,Library Of Musicians' Jazz,133
Valse Hot  ,Library Of Musicians' Jazz,150
Visa   ,Library Of Musicians' Jazz,18
Walk Don't Run  ,Library Of Musicians' Jazz,143
Walkin',Library Of Musicians' Jazz,215
Walkin' Shoes  ,Library Of Musicians' Jazz,137
Wee-Dot   ,Library Of Musicians' Jazz,142
Western Reunion  ,Library Of Musicians' Jazz,143
Westwood Walk  ,Library Of Musicians' Jazz,145
When Lights Are Low,Library Of Musicians' Jazz,145
Whose Blues  ,Library Of Musicians' Jazz,149
Wind (The)  ,Library Of Musicians' Jazz,146
Wind Bag  ,Library Of Musicians' Jazz,144
Yardbird Suite  ,Library Of Musicians' Jazz,147
Yes Yes Honey    ,Library Of Musicians' Jazz,147
Yo Yo    ,Library Of Musicians' Jazz,148
