Milenburg Joys (Bb),Nabor's Dixieland Book,6
Nobody Knows You When You’re Down And Out (C),Nabor's Dixieland Book,7
Panama (Eb),Nabor's Dixieland Book,8
Clarinet Marmalade (F),Nabor's Dixieland Book,10
My Honey's Lovin' Arms (F),Nabor's Dixieland Book,11
Fidgety Feet (Ab),Nabor's Dixieland Book,12
Once In A While (C),Nabor's Dixieland Book,13
Willie The Weeper (Ab),Nabor's Dixieland Book,14
Creole Love Song (Bb),Nabor's Dixieland Book,14
Hello Dolly (Bb),Nabor's Dixieland Book,15
Blues My. Naughty Sweetie (Bb),Nabor's Dixieland Book,16
Save It Pretty Mama (F),Nabor's Dixieland Book,16
After You've Gone (Bb),Nabor's Dixieland Book,18
Bourbon Street Parade (Ab),Nabor's Dixieland Book,19
St. James Infirmary (D-),Nabor's Dixieland Book,20
Big Butter And Egg Man (F),Nabor's Dixieland Book,21
Baby Won't You Please Come Home (F),Nabor's Dixieland Book,22
Bill Bailey (F),Nabor's Dixieland Book,23
Original Dixieland One Step (Bb/Eb/Ab),Nabor's Dixieland Book,24
When The Saints Come Marching (F),Nabor's Dixieland Book,25
When My Dreamboat Comes Home (Ab),Nabor's Dixieland Book,26
See See Rider (Ab),Nabor's Dixieland Book,26
Saturday Night Function (C),Nabor's Dixieland Book,27
Darktown Strutter's Ball (C),Nabor's Dixieland Book,28
Sweethearts On Parade (F),Nabor's Dixieland Book,30
Do What Ory Say (Eb),Nabor's Dixieland Book,30
Heebie Jeebies (Ab),Nabor's Dixieland Book,31
Blue Turning Grey Over You (C),Nabor's Dixieland Book,32
Shout 'em Aunt Tillie (Dm),Nabor's Dixieland Book,34
Doctor Jazz (Eb),Nabor's Dixieland Book,35
At The Jazz Band Ball (Bb),Nabor's Dixieland Book,36
Someday Sweetheart (F),Nabor's Dixieland Book,37
Make Me A Pallet On The Floor (Atlanta Blues) (Ab),Nabor's Dixieland Book,38
High Society (Bb/Eb),Nabor's Dixieland Book,39
A Good Man Is Hard To Find (C),Nabor's Dixieland Book,40
Breeze (Eb),Nabor's Dixieland Book,41
Riverboat Shuffle (Eb),Nabor's Dixieland Book,42
Jazz Me Blues (Eb),Nabor's Dixieland Book,44
Frankie And Johnny (F),Nabor's Dixieland Book,45
Royal Garden Blues (F),Nabor's Dixieland Book,46
Ain't Gon' Give Nobody None Of My Jelly Roll (Bb),Nabor's Dixieland Book,48
Bye And Bye (F),Nabor's Dixieland Book,48
Dallas Blues (Bb),Nabor's Dixieland Book,50
Ja da (F),Nabor's Dixieland Book,52
Someday You’ll be Sorry,Nabor's Dixieland Book,53
Just A Closer Walk With Thee (Bb),Nabor's Dixieland Book,54
Oh Baby! (F),Nabor's Dixieland Book,56
Mecca Flat Blues (C),Nabor's Dixieland Book,56
South Rampart St. Parade (Eb),Nabor's Dixieland Book,58
Ballin' The Jack (Bb),Nabor's Dixieland Book,60
Avalon (F),Nabor's Dixieland Book,61
Beale Street Blues (Bb/EB),Nabor's Dixieland Book,62
Ace In The Hole (G),Nabor's Dixieland Book,64
Mandy Make Up Your Mind (F),Nabor's Dixieland Book,66
Basin Street Blues (Bb),Nabor's Dixieland Book,68
Black And Blue (C),Nabor's Dixieland Book,70
Careless Love (F),Nabor's Dixieland Book,71
That’s Plenty (D-),Nabor's Dixieland Book,72
South (Eb),Nabor's Dixieland Book,73
Wolverine Blues (Bb),Nabor's Dixieland Book,74
Farewell Blues (F),Nabor's Dixieland Book,75
Cakewalking Babies (Bb),Nabor's Dixieland Book,76
When It's Sleepy Time Down South (Eb),Nabor's Dixieland Book,78
You Gotta See Your Mama Every Night (Bb),Nabor's Dixieland Book,79
Do You Know What It Means To Miss New Orleans (C),Nabor's Dixieland Book,80
C Jam Blues (C),Nabor's Dixieland Book,80
Apex Blues (Eb),Nabor's Dixieland Book,83
Muskrat Ramble (Ab),Nabor's Dixieland Book,84
Friendless Blues (F),Nabor's Dixieland Book,85
China Boy (F),Nabor's Dixieland Book,86
I'm Comin' Virginia (Eb),Nabor's Dixieland Book,86
Weary Blues (F/Bb),Nabor's Dixieland Book,87
At a Georgia Camp Meeting (Bb),Nabor's Dixieland Book,88
Melancholy Blues (F),Nabor's Dixieland Book,89
The Da Da Strain (G-),Nabor's Dixieland Book,90
Trouble in Mind (F),Nabor's Dixieland Book,90
Struttin’ With Some Barbecue,Nabor's Dixieland Book,92
Sweet Substitute,Nabor's Dixieland Book,93
When You're Smiling (Bb),Nabor's Dixieland Book,94
Alexander’s Rag Time Band (F),Nabor's Dixieland Book,95
St. Louis Blues (G),Nabor's Dixieland Book,96
Till We Meet Again (Ab),Nabor's Dixieland Book,98
Smiles (F),Nabor's Dixieland Book,99
Canal Street Blues (F),Nabor's Dixieland Book,100
Rosetta (F),Nabor's Dixieland Book,101
Buddy Bolden's Blues (F),Nabor's Dixieland Book,102
Coquette (Eb),Nabor's Dixieland Book,103
You Always Hurt The One You Love (Bb),Nabor's Dixieland Book,104
Ain't Misbehavin (Eb),Nabor's Dixieland Book,105
Shake That Thing (Eb),Nabor's Dixieland Book,106
Ain't Got Nobody (F),Nabor's Dixieland Book,107
Bye Bye Blues (C),Nabor's Dixieland Book,108
Dinah (Ab),Nabor's Dixieland Book,109
Nobody Knows (G),Nabor's Dixieland Book,109
Cornet Chop Suey (Eb),Nabor's Dixieland Book,110
Pretty Baby (Eb),Nabor's Dixieland Book,111
You Can Depend On Me (F),Nabor's Dixieland Book,112
Thanks A Million (Eb),Nabor's Dixieland Book,113
How Come You Do Me Like You Do (Bb),Nabor's Dixieland Book,114
Where Are You? (G),Nabor's Dixieland Book,115
Ice Cream (C),Nabor's Dixieland Book,116
Limehouse Blues (F/Ab),Nabor's Dixieland Book,117
Way Down Yonder In New Orleans (F),Nabor's Dixieland Book,118
Lady Love (Ab),Nabor's Dixieland Book,119
Mandy (C),Nabor's Dixieland Book,120
"I'll Be Glad When You're Dead You Rascal, You (Eb)",Nabor's Dixieland Book,121
"Maryland, My Maryland (F)",Nabor's Dixieland Book,122
(the) Preacher (F),Nabor's Dixieland Book,123
Cabin In The Sky (Ab),Nabor's Dixieland Book,124
Come Back Sweet Papa (Bb),Nabor's Dixieland Book,124
Washington And Lee Swing (Bb),Nabor's Dixieland Book,125
Georgia On My Mind (F),Nabor's Dixieland Book,126
Hindustan (C),Nabor's Dixieland Book,127
I Can't Give You Anything But Love (Ab),Nabor's Dixieland Book,128
It Makes My Love Come Down (C),Nabor's Dixieland Book,129
1919 Rag (Eb/Ab),Nabor's Dixieland Book,130
Bugle Call Rag (Bb),Nabor's Dixieland Book,131
Copenhagen (Bb),Nabor's Dixieland Book,132
Long Old Road (Eb),Nabor's Dixieland Book,133
My Monday Date (Bb),Nabor's Dixieland Book,134
Wasted Life Blues (Eb),Nabor's Dixieland Book,134
Angry (Bb),Nabor's Dixieland Book,135
Irish Black Bottom (F),Nabor's Dixieland Book,136
Indiana (F),Nabor's Dixieland Book,138
"Mamma's Gone, Goodbye (Ab)",Nabor's Dixieland Book,139
Margie (F),Nabor's Dixieland Book,140
Memphis Blues (Eb/Ab),Nabor's Dixieland Book,142
Mississippi Mud (Bb),Nabor's Dixieland Book,144
Just A Gigolo (F),Nabor's Dixieland Book,144
You're Nobody's Sweetheart Now (F),Nabor's Dixieland Book,146
Runnin' Wild (Bb),Nabor's Dixieland Book,147
"Coquette, (minus Triplets) (Eb)",Nabor's Dixieland Book,147
At Sundown (F),Nabor's Dixieland Book,148
Caravan (Ab),Nabor's Dixieland Book,149
Three Little Words (C),Nabor's Dixieland Book,150
Mood Indigo (Ab),Nabor's Dixieland Book,151
My Bucket's Got A Hole In It (F),Nabor's Dixieland Book,152
You're Driving Me Crazy (Eb),Nabor's Dixieland Book,153
Take The A Train (Ab),Nabor's Dixieland Book,154
Oriental Strut (Eb),Nabor's Dixieland Book,155
Sensation Rag (Bb/Eb),Nabor's Dixieland Book,156
Love Me Or Leave Me (Ab),Nabor's Dixieland Book,157
Yonder Comes The Blues (Bb),Nabor's Dixieland Book,157
Under A Blanket Of Blue (Eb),Nabor's Dixieland Book,158
West End Blues (Eb),Nabor's Dixieland Book,158
What Can I Say After I Say I'm Sorry (F),Nabor's Dixieland Book,159
Until The Real Thing Comes Along (Eb),Nabor's Dixieland Book,160
I'm Gonna Sit Right Down And Write Myself A Letter (C),Nabor's Dixieland Book,161
Everybody Loves My Baby (F),Nabor's Dixieland Book,162
Do You Ever Think Of Me (Eb),Nabor's Dixieland Book,163
On The Sunny Side Of The Street (C),Nabor's Dixieland Book,164
Can't Get Started (C),Nabor's Dixieland Book,165
Honeysuckle Rose (F),Nabor's Dixieland Book,166
Lady Be Good (F),Nabor's Dixieland Book,167
Sophisticated Lady (Ab),Nabor's Dixieland Book,168
When Your Lover Has Gone (G),Nabor's Dixieland Book,168
Shine (Eb),Nabor's Dixieland Book,169
Some Of These Days (F),Nabor's Dixieland Book,170
Tin Roof Blues (Bb),Nabor's Dixieland Book,171
Sidewalk Blues (Eb/Ab),Nabor's Dixieland Book,172
I Wish I Could Shimmy Like My Sister Kate (Eb),Nabor's Dixieland Book,174
Pennies From Heaven (C),Nabor's Dixieland Book,175
In My Solitude (Eb),Nabor's Dixieland Book,176
Potato Head Blues (Eb),Nabor's Dixieland Book,177
There’ll Be Some Changes Made (Bb),Nabor's Dixieland Book,178
I Got It Bad And That Ain't Good (F),Nabor's Dixieland Book,179
Who's Sorry Now? (Bb),Nabor's Dixieland Book,180
Creole Song (F),Nabor's Dixieland Book,180
Tiger Rag (Bb),Nabor's Dixieland Book,182
Yellow Dog Blues (Bb/Eb),Nabor's Dixieland Book,183
Riverside Blues (Eb),Nabor's Dixieland Book,184
(the) Birth Of The Blues (C),Nabor's Dixieland Book,185
Just A Little While To Stay Here (Ab),Nabor's Dixieland Book,186
Stars Fell On Alabama (C),Nabor's Dixieland Book,187
New Orleans (Bb),Nabor's Dixieland Book,188
Down By The Riverside (Ab),Nabor's Dixieland Book,189
Chattanooga Stomp (Bb),Nabor's Dixieland Book,190
Get Out Of Here (G/C),Nabor's Dixieland Book,191
In A Sentimental Mood (F),Nabor's Dixieland Book,192
Don't Get Around Much Anymore (C),Nabor's Dixieland Book,193
Prelude To A Kiss (C),Nabor's Dixieland Book,193
It Don't Mean That Swing (Bb),Nabor's Dixieland Book,194
Don't Get Around Much Anymore ©,Nabor's Dixieland Book,196
Everything But You (F),Nabor's Dixieland Book,197
Day Dream (F),Nabor's Dixieland Book,198
Black Butterfly (F),Nabor's Dixieland Book,198
Ring Dem Bells (C),Nabor's Dixieland Book,199
What's New? (C),Nabor's Dixieland Book,199
Boy Meets Horn (F/Bb),Nabor's Dixieland Book,200
Lush Life (Db),Nabor's Dixieland Book,201
(the) Big Parade (Eb),Nabor's Dixieland Book,202
Body And Soul (Db),Nabor's Dixieland Book,204
(the) Charleston (Bb),Nabor's Dixieland Book,206
Rose Room (Ab),Nabor's Dixieland Book,207
Should I (C),Nabor's Dixieland Book,207
In A Shanty In Old Shanty Town (F),Nabor's Dixieland Book,208
Liza (Eb),Nabor's Dixieland Book,209
Thou Swell (Eb),Nabor's Dixieland Book,210
Please Don't Talk About Me When I'm Gone (Eb),Nabor's Dixieland Book,211
Goody Goody (C),Nabor's Dixieland Book,212
"Alabama Jubilee (Bb,)",Nabor's Dixieland Book,213
New Orleans Shuffle (Ab),Nabor's Dixieland Book,214
Storyville Blues (Ab),Nabor's Dixieland Book,215
Grandpa's Spells (Bb/Eb),Nabor's Dixieland Book,216
Ory's Creole Trombone (F/Bb),Nabor's Dixieland Book,217
Sweet Lorraine (F),Nabor's Dixieland Book,218
You're Nobody Till Somebody Loves You (F),Nabor's Dixieland Book,219
S Wonderful (Eb),Nabor's Dixieland Book,220
All Of Me (C),Nabor's Dixieland Book,221
Chicago (C),Nabor's Dixieland Book,222
Up A Lazy River (F),Nabor's Dixieland Book,223
Baby Face (C),Nabor's Dixieland Book,223
"Yes Sir, That's My Baby (Eb)",Nabor's Dixieland Book,224
Ain't She Sweet (C),Nabor's Dixieland Book,225
"Five Feet Two, Eyes Of Blue (C)",Nabor's Dixieland Book,226
Bye Bye Blackbird (F),Nabor's Dixieland Book,227
I Got Rhythm (Bb),Nabor's Dixieland Book,228
Somebody Else Is Taking My Place (Bb),Nabor's Dixieland Book,229
My Gal Sal / Frivolous Sal (Bb),Nabor's Dixieland Book,230
Blue Skies (F),Nabor's Dixieland Book,231
Undecided (C),Nabor's Dixieland Book,232
Hard Hearted Hannah (Eb),Nabor's Dixieland Book,233
Wabash Blues (Eb),Nabor's Dixieland Book,234
Isle Of Capri (F),Nabor's Dixieland Book,235
Home (Eb),Nabor's Dixieland Book,236
Perdido (Bb),Nabor's Dixieland Book,237
Lulu's Back In Town (Eb),Nabor's Dixieland Book,238
Sweet Sue Just You (G),Nabor's Dixieland Book,239
Waitin' For The Robert E. Lee (C/F),Nabor's Dixieland Book,240
Wang Wang Blues (F),Nabor's Dixieland Book,241
Sweet Georgia Brown (Bb),Nabor's Dixieland Book,242
Exactly Like You (C),Nabor's Dixieland Book,244
In A Mellotone (Ab),Nabor's Dixieland Book,245
Moten Swing (Ab),Nabor's Dixieland Book,246
Stompin’ At The Savoy (F),Nabor's Dixieland Book,246
Chimes Blues (Bb),Nabor's Dixieland Book,247
Dardanella (C),Nabor's Dixieland Book,248
Shim-me-sha-wabble (Eb),Nabor's Dixieland Book,249
Dippermouth Blues (Bb),Nabor's Dixieland Book,250
Oh Didn't He Ramble (Ab),Nabor's Dixieland Book,251
Back ‘O Town Blues (C),Nabor's Dixieland Book,251
Eccentric (F/Eb/Bb),Nabor's Dixieland Book,252
Tishomingo Blues (G),Nabor's Dixieland Book,254
Temptation Blues (F),Nabor's Dixieland Book,256
Sugar (F),Nabor's Dixieland Book,258
Stardust (C),Nabor's Dixieland Book,260
From Monday On (C),Nabor's Dixieland Book,262
Mack The Knife (C),Nabor's Dixieland Book,263
Swing That Music (Bb),Nabor's Dixieland Book,264
Sunday (C),Nabor's Dixieland Book,265
Breezin' Long With The Breeze (F),Nabor's Dixieland Book,266
I Found A New Baby (F),Nabor's Dixieland Book,267
Nagasaki (C),Nabor's Dixieland Book,268
Alcoholic Blues (F),Nabor's Dixieland Book,268
Sobbin' Blues (F),Nabor's Dixieland Book,271
Rose Of Washington Square (Bb),Nabor's Dixieland Book,272
Sorry (Eb),Nabor's Dixieland Book,274
Shipwrecked Blues (Bb),Nabor's Dixieland Book,274
Singin' The Blues (Eb),Nabor's Dixieland Book,276
Hey Lawdy Mama (F),Nabor's Dixieland Book,278
Since My Gal Turned Me Down (Bb),Nabor's Dixieland Book,278
Four Or Five Times (Eb),Nabor's Dixieland Book,279
Sugar Foot Strut (Eb),Nabor's Dixieland Book,280
San (G),Nabor's Dixieland Book,280
Did You Ever (F),Nabor's Dixieland Book,281
Sugar Foot Stomp (Bb),Nabor's Dixieland Book,282
Maple Leaf Rag (Eb),Nabor's Dixieland Book,282
Floatin' Down To Cotton Town (Bb),Nabor's Dixieland Book,283
Sidewalk Blues (2) (C/F),Nabor's Dixieland Book,284
Burnin' The Iceberg (G),Nabor's Dixieland Book,285
Crazy Chords (Bb),Nabor's Dixieland Book,285
Tom Cat Blues (Bb),Nabor's Dixieland Book,286
Ostrich Walk (beiderbeck Version) (F),Nabor's Dixieland Book,286
Rockin' Chair (Eb),Nabor's Dixieland Book,288
Red Sails In The Sunset (G),Nabor's Dixieland Book,289
I Double Dare You (F),Nabor's Dixieland Book,289
Black Bottom (Eb),Nabor's Dixieland Book,290
Brother Lowdown (Ab),Nabor's Dixieland Book,291
Winin' Boy Blues (C),Nabor's Dixieland Book,292
Crooked Blues (Bb),Nabor's Dixieland Book,292
Krooked Blues (Bb),Nabor's Dixieland Book,292
Oh Daddy Blues (F),Nabor's Dixieland Book,293
Buddy's Habits (C/F/C),Nabor's Dixieland Book,294
Easy Street (Eb),Nabor's Dixieland Book,295
"Taint So, Honey, Taint So (C)",Nabor's Dixieland Book,296
"How Long, How Long Blues (C)",Nabor's Dixieland Book,296
I'll Be A Friend With Pleasure (G),Nabor's Dixieland Book,297
Hear Me Talkin' To Ya (C),Nabor's Dixieland Book,297
Sailing Down The Chesapeake Bay (F),Nabor's Dixieland Book,298
Kansas City Man Blues (Eb),Nabor's Dixieland Book,299
Dupree Blues (C),Nabor's Dixieland Book,299
Satanic Blues (Bb/Eb),Nabor's Dixieland Book,299
(the) Prisoner's Song (Eb),Nabor's Dixieland Book,300
(the) Old Spinning Wheel (C),Nabor's Dixieland Book,301
Aunt Hager's Blues (F),Nabor's Dixieland Book,302
Battle Hymn Of The Republic (C),Nabor's Dixieland Book,304
(the) Lonesome Road (Eb),Nabor's Dixieland Book,305
Roll Jordan Roll (Eb),Nabor's Dixieland Book,305
Stranger on the Shore (F),Nabor's Dixieland Book,306
Digga Digga Doo (G),Nabor's Dixieland Book,306
I Can't Believe That You’re In Love With Me (C),Nabor's Dixieland Book,307
Jealous (G),Nabor's Dixieland Book,307
Memories Of You (Eb),Nabor's Dixieland Book,308
"Chinatown, My Chinatown (C)",Nabor's Dixieland Book,308
Japanese Sandman (F),Nabor's Dixieland Book,309
There’s Yes? Yes! In Your Eyes (Eb),Nabor's Dixieland Book,309
What A Little Moonlight Can Do (C),Nabor's Dixieland Book,310
Creole Belles (C),Nabor's Dixieland Book,311
Keepin' Out Of Mischief Now (C),Nabor's Dixieland Book,312
Squeeze Me (G),Nabor's Dixieland Book,312
I've Got A Feeling I'm Falling (Eb),Nabor's Dixieland Book,313
Changes (C),Nabor's Dixieland Book,314
I've Got My Fingers Crossed (F),Nabor's Dixieland Book,314
If I Had A Talking Picture Of You (Eb),Nabor's Dixieland Book,315
Honey Hush (C),Nabor's Dixieland Book,316
Don't Take Your Love From Me (C),Nabor's Dixieland Book,316
Crazy Rhythm (G),Nabor's Dixieland Book,317