500 Miles High,the New Bob Book,1
After You've Gone,the New Bob Book,2
Afternoon in Paris,the New Bob Book,3
Again,the New Bob Book,4
Agua DeBeber,the New Bob Book,5
Airegin,the New Bob Book,6
Alice In Wonderland,the New Bob Book,7
All About Ronnie,the New Bob Book,8
All My Tomorrows,the New Bob Book,9
All of Me,the New Bob Book,10
All of You,the New Bob Book,11
All or Nothing at All,the New Bob Book,12
All the Things You Are,the New Bob Book,13
All the Way,the New Bob Book,14
Alone Together,the New Bob Book,15
Along Came Betty,the New Bob Book,16
Always,the New Bob Book,17
Am I Blue,the New Bob Book,18
Among My Souvenirs,the New Bob Book,19
And I Love Her,the New Bob Book,20
Angel Eyes,the New Bob Book,21
"Angela, Jobim",the New Bob Book,22
"Angela, Minasi",the New Bob Book,23
Anthropology,the New Bob Book,24
April in Paris,the New Bob Book,25
Armando’s Rhumba,the New Bob Book,26
As Long as I Live,the New Bob Book,28
As Time Goes By,the New Bob Book,29
Ask Me Now,the New Bob Book,30
At Last,the New Bob Book,31
Au Privave,the New Bob Book,32
Autumn in New York,the New Bob Book,33
Autumn Leaves,the New Bob Book,34
Autumn Serenade,the New Bob Book,35
Barbados,the New Bob Book,36
Barbara,the New Bob Book,37
Be My Love,the New Bob Book,38
Beatrice,the New Bob Book,39
Beautiful Friendship,the New Bob Book,40
Beautiful Love,the New Bob Book,41
Because of You,the New Bob Book,42
Before You Go,the New Bob Book,43
Bernie’s Tune,the New Bob Book,44
Besame Mucho,the New Bob Book,45
Bewitched,the New Bob Book,46
Beyond the Sea,the New Bob Book,47
Big Hurt,the New Bob Book,48
Black and Blue,the New Bob Book,49
Black Coffee,the New Bob Book,50
Blame It on my Youth,the New Bob Book,51
Bloomdido,the New Bob Book,52
Blue and Sentimental,the New Bob Book,53
Blue and White,the New Bob Book,54
Blue Bossa,the New Bob Book,55
Blue Daniel,the New Bob Book,56
Blue in Green,the New Bob Book,57
Blue Moon,the New Bob Book,58
Blue Room,the New Bob Book,59
Blue Seven,the New Bob Book,60
Blue Skies,the New Bob Book,61
Blues for Alice,the New Bob Book,62
Bock to Bock,the New Bob Book,63
Body & Soul,the New Bob Book,64
Bolivia,the New Bob Book,65
Bossa Rocka,the New Bob Book,66
Bouncin’ With Bud,the New Bob Book,67
Broadway,the New Bob Book,68
But Beautiful,the New Bob Book,69
But Not For Me,the New Bob Book,70
By Myself,the New Bob Book,71
Bye Bye Blackbird,the New Bob Book,72
Café Regios,the New Bob Book,73
Call Me,the New Bob Book,74
Call Me Irresponsible,the New Bob Book,75
Canadian Sunset,the New Bob Book,76
Candy,the New Bob Book,77
Cantaloupe Island,the New Bob Book,78
Caravan,the New Bob Book,79
Catch Me,the New Bob Book,80
Ceora,the New Bob Book,81
Change Partners,the New Bob Book,82
Cheek To Cheek,the New Bob Book,83
Cheesecake,the New Bob Book,84
Cherokee,the New Bob Book,85
Chega De Saudade,the New Bob Book,86
Child Is Born,the New Bob Book,88
Chlo-e,the New Bob Book,89
Close Your Eyes,the New Bob Book,90
Come Fly With Me,the New Bob Book,91
Come Rain or Come Shine,the New Bob Book,92
Come Sunday,the New Bob Book,93
Con Alma,the New Bob Book,94
Confirmation,the New Bob Book,95
Corcovado,the New Bob Book,96
Corner Pocket,the New Bob Book,97
Cottage for Sale,the New Bob Book,98
Cottontail,the New Bob Book,99
Cry Me a River,the New Bob Book,100
Dancing in the Dark,the New Bob Book,101
Daahoud,the New Bob Book,102
Dancing On the Ceiling,the New Bob Book,104
Darn That Dream,the New Bob Book,105
Day by Day,the New Bob Book,106
Day in the Life of a Fool,the New Bob Book,107
"Day In, Day Out",the New Bob Book,108
Daydream,the New Bob Book,109
Days of Wine & Roses,the New Bob Book,110
Dearly Beloved,the New Bob Book,111
Deed I Do,the New Bob Book,112
Deep Purple,the New Bob Book,113
Desafinado,the New Bob Book,114
Delilah,the New Bob Book,116
Detour Ahead,the New Bob Book,117
Devil May Care,the New Bob Book,118
Dewey Square,the New Bob Book,119
Dexterity,the New Bob Book,120
Dig,the New Bob Book,121
Dindi,the New Bob Book,122
Django,the New Bob Book,123
Django’s Castle,the New Bob Book,124
Do Nothing ‘Til You Hear,the New Bob Book,125
Do You Know What It,the New Bob Book,126
Dolphin Dance,the New Bob Book,127
Donna Lee,the New Bob Book,128
Don't Be That Way,the New Bob Book,129
Don’t Blame Me,the New Bob Book,130
Don’t Get Around Much …,the New Bob Book,131
Don’t Take Your Love,the New Bob Book,132
Doxy,the New Bob Book,133
Dreamer,the New Bob Book,134
Dreamsville,the New Bob Book,135
Driftin’,the New Bob Book,136
The Drive,the New Bob Book,137
The Duke,the New Bob Book,138
Early Autumn,the New Bob Book,139
East of the Sun,the New Bob Book,140
Easy Living,the New Bob Book,141
Easy Time,the New Bob Book,142
Easy To Love,the New Bob Book,143
Ecaroh,the New Bob Book,144
Eclypso,the New Bob Book,146
Embraceable You,the New Bob Book,147
Emily,the New Bob Book,148
End of a Love Affair,the New Bob Book,149
Estate (Summer),the New Bob Book,150
Eternal Triangle,the New Bob Book,151
Every Time We Say,the New Bob Book,152
Everything Happens To Me,the New Bob Book,153
Everything I Have Is Yours,the New Bob Book,154
Everything I Love,the New Bob Book,155
Exactly Like You,the New Bob Book,156
Face I Love,the New Bob Book,157
Falling In Love with Love,the New Bob Book,158
Far Wes,the New Bob Book,159
Fascination,the New Bob Book,160
Fascinating Rhythm,the New Bob Book,161
Favela,the New Bob Book,162
Felicidade,the New Bob Book,163
Filthy McNasty,the New Bob Book,164
Fine Romance,the New Bob Book,165
Five Brothers,the New Bob Book,166
Five Spot after Dark,the New Bob Book,167
Flamingo,the New Bob Book,168
Fly Me to the Moon,the New Bob Book,169
Foggy Day,the New Bob Book,170
Folks Who Live On the Hill,the New Bob Book,171
Fools Rush In,the New Bob Book,172
Footprints,the New Bob Book,173
For All We Know,the New Bob Book,174
For Heaven’s Sake,the New Bob Book,175
For Minors Only,the New Bob Book,176
For Sentimental Reasons,the New Bob Book,177
Forest Flower,the New Bob Book,178
Fotografia,the New Bob Book,179
Four,the New Bob Book,180
Four Brothers,the New Bob Book,181
Four on Six,the New Bob Book,182
Freddie Freeloader,the New Bob Book,183
Freedom Jazz Dance,the New Bob Book,184
Freight Trane,the New Bob Book,185
Fried Bananas,the New Bob Book,186
Fried Pies,the New Bob Book,188
"Gee Baby, Ain't I Good To You",the New Bob Book,189
Gentle Rain,the New Bob Book,190
Georgia On My Mind,the New Bob Book,191
Get Out of Town,the New Bob Book,192
Getting Sentimental,the New Bob Book,193
Ghost of a Chance,the New Bob Book,194
Girl From Ipanema,the New Bob Book,195
Girl Next Door,the New Bob Book,196
Girl Talk,the New Bob Book,197
Give Me the Simple Life,the New Bob Book,198
God Bless the Child,the New Bob Book,199
Gone With the Wind,the New Bob Book,200
Good Bait,the New Bob Book,201
Good Life,the New Bob Book,202
Gravy Waltz,the New Bob Book,203
Gratitude,the New Bob Book,204
Great Pumpkin Waltz,the New Bob Book,206
Green Dolphin Street,the New Bob Book,207
Gregory Is Here,the New Bob Book,208
Grooveyard,the New Bob Book,209
Groovin' High,the New Bob Book,210
Groovy Samba,the New Bob Book,211
Guilty,the New Bob Book,212
Half Nelson,the New Bob Book,213
Harold's House of Jazz,the New Bob Book,214
Hat Man,the New Bob Book,216
Have You Met Miss Jones,the New Bob Book,217
Heartaches,the New Bob Book,218
Here’s That Rainy Day,the New Bob Book,219
Hey There,the New Bob Book,220
Hi-Fly,the New Bob Book,221
Home at Last,the New Bob Book,222
Honeysuckle Rose,the New Bob Book,223
Hot House,the New Bob Book,224
How About You,the New Bob Book,225
How Deep is the Ocean,the New Bob Book,226
How High the Moon,the New Bob Book,227
How Insensitive,the New Bob Book,228
How Long Has This Been,the New Bob Book,229
How My Heart Sings,the New Bob Book,230
Humpty Dumpty,the New Bob Book,231
I Believe In You,the New Bob Book,232
I Can’t Believe that You,the New Bob Book,233
I Can’t Get Started,the New Bob Book,234
I Concentrate On You,the New Bob Book,235
I Could Write a Book,the New Bob Book,236
I Cover the Waterfront,the New Bob Book,237
I Didn’t Know About You,the New Bob Book,238
I Didn’t Know What Time It,the New Bob Book,239
I Fall in Love Too Easily,the New Bob Book,240
I Got It Bad and That,the New Bob Book,241
I Had the Craziest Dream,the New Bob Book,242
I Hadn't Anyone Till You,the New Bob Book,243
I Hear a Rhapsody,the New Bob Book,244
I Let a Song Go Out of,the New Bob Book,245
I Love Lucy,the New Bob Book,246
I Love Paris,the New Bob Book,247
I Love You,the New Bob Book,248
I May Be Wrong But,the New Bob Book,249
I Miss You,the New Bob Book,250
I Only Have Eyes for You,the New Bob Book,251
I Remember Clifford,the New Bob Book,252
I Remember You,the New Bob Book,253
I Should Care,the New Bob Book,254
I Thought About You,the New Bob Book,255
I Will Wait For You,the New Bob Book,256
I Wish I Knew,the New Bob Book,257
I Wish You Love,the New Bob Book,258
Idle Moments,the New Bob Book,259
If I Had You,the New Bob Book,260
If I Should Lose You,the New Bob Book,261
If I Were a Bell,the New Bob Book,262
If You Could See Me Now,the New Bob Book,263
If You Never Come To me,the New Bob Book,264
I’ll Be Around,the New Bob Book,265
I’ll Be Seeing You,the New Bob Book,266
I'll Close My Eyes,the New Bob Book,267
I’ll Remember April,the New Bob Book,268
I’ll Take Romance,the New Bob Book,269
I’m a Fool to Want You,the New Bob Book,270
I’m Beginning to See,the New Bob Book,271
I’m Confessin’ That I,the New Bob Book,272
I’m Glad There Is You,the New Bob Book,273
I'm Just a Lucky So and So,the New Bob Book,274
I’m Old Fashioned,the New Bob Book,275
I'm Through with Love,the New Bob Book,276
Imagination,the New Bob Book,277
In a Mellow Tone,the New Bob Book,278
In a Sentimental Mood,the New Bob Book,279
In Love in Vain,the New Bob Book,280
In Walked Bud,the New Bob Book,281
In Your Own Sweet Way,the New Bob Book,282
Incentive,the New Bob Book,283
Indian Summer,the New Bob Book,284
Invitation,the New Bob Book,285
Isn’t It Romantic,the New Bob Book,286
Isn’t She Lovely,the New Bob Book,287
It All Depends On You,the New Bob Book,288
It Could Happen To You,the New Bob Book,289
It Don't Mean a Thing,the New Bob Book,290
It Had To Be You,the New Bob Book,291
It Might As Well Be Spring,the New Bob Book,292
It Never Entered My Mind,the New Bob Book,293
It's a Blue World,the New Bob Book,294
It’s All Right With Me,the New Bob Book,295
It’s Only a Paper Moon,the New Bob Book,296
It’s You or No One,the New Bob Book,297
I’ve Got The World on,the New Bob Book,298
I’ve Got You Under My,the New Bob Book,299
I’ve Grown Accustomed To Her Face,the New Bob Book,300
I’ve Never Been in Love,the New Bob Book,301
Jeannine,the New Bob Book,302
Jeepers Creepers,the New Bob Book,303
Jersey Bounce,the New Bob Book,304
Jitterbug Waltz,the New Bob Book,305
Jingles,the New Bob Book,306
Jive Samba,the New Bob Book,308
Jordu,the New Bob Book,309
Journey to Recife,the New Bob Book,310
Joy Spring,the New Bob Book,311
June in January,the New Bob Book,312
Just a Few,the New Bob Book,313
Just Friends,the New Bob Book,314
Just in Time,the New Bob Book,315
Just One of Those Things,the New Bob Book,316
Just Squeeze Me,the New Bob Book,317
"Just You, Just Me",the New Bob Book,318
Killer Joe,the New Bob Book,319
Lady Be Good,the New Bob Book,320
Lady Bird,the New Bob Book,321
Lament,the New Bob Book,322
Last Night When We,the New Bob Book,323
Laura,the New Bob Book,324
Lazy Bird,the New Bob Book,325
Lean Years,the New Bob Book,326
Leila,the New Bob Book,327
Let's Cool One,the New Bob Book,328
Let’s Fall In Love,the New Bob Book,329
Let’s Get Away From,the New Bob Book,330
Liberated Brother,the New Bob Book,331
Like Someone in Love,the New Bob Book,332
Li’l Darlin’,the New Bob Book,333
Limehouse Blues,the New Bob Book,334
Line for Lyons,the New Bob Book,335
Little Boat,the New Bob Book,336
Little Waltz,the New Bob Book,337
Lollipops & Roses,the New Bob Book,338
Long Ago & Far Away,the New Bob Book,339
Look of Love,the New Bob Book,340
Look To the Sky,the New Bob Book,341
Love for Sale,the New Bob Book,342
Love Letters,the New Bob Book,343
Love Walked In,the New Bob Book,344
Love You Madly,the New Bob Book,345
Lover,the New Bob Book,346
Lover Man,the New Bob Book,347
Lucky Southern,the New Bob Book,348
Lullaby in Rhythm,the New Bob Book,349
Lullaby of Birdland,the New Bob Book,350
Lullaby of the Leaves,the New Bob Book,351
Lush Life,the New Bob Book,352
Lyresto,the New Bob Book,354
Maiden Voyage,the New Bob Book,355
Make Someone Happy,the New Bob Book,356
Man I Love,the New Bob Book,357
Man That Got Away,the New Bob Book,358
Mahattan,the New Bob Book,359
Masquerade Is Over,the New Bob Book,360
Maybe September,the New Bob Book,361
Mean To Me,the New Bob Book,362
Meditation,the New Bob Book,363
Mellow Mood,the New Bob Book,364
Memories of You,the New Bob Book,365
Menina Flor,the New Bob Book,366
Midnight Creeper,the New Bob Book,367
Midnight Sun,the New Bob Book,368
Mimosa,the New Bob Book,369
Minority,the New Bob Book,370
Misty,the New Bob Book,371
MJM,the New Bob Book,372
Moment's Notice,the New Bob Book,373
Moment to Moment,the New Bob Book,374
Mona Lisa,the New Bob Book,375
Montevideo,the New Bob Book,376
Mood Indigo,the New Bob Book,378
Moon and Sand,the New Bob Book,379
Moon River,the New Bob Book,380
Moonglow,the New Bob Book,381
Moonlight Becomes,the New Bob Book,382
Moonlight in Vermont,the New Bob Book,383
Moonlight Serenade,the New Bob Book,384
More,the New Bob Book,385
More I See You,the New Bob Book,386
More Than You Know,the New Bob Book,387
Morning,the New Bob Book,388
Move,the New Bob Book,389
Mr Lucky,the New Bob Book,390
My Cherie Amour,the New Bob Book,391
My Foolish Heart,the New Bob Book,392
My Funny Valentine,the New Bob Book,393
My Ideal,the New Bob Book,394
My Little Suede Shoes,the New Bob Book,395
My Old Flame,the New Bob Book,396
My One and Only Love,the New Bob Book,397
My Romance,the New Bob Book,398
My Shining Hour,the New Bob Book,399
My Ship,the New Bob Book,400
Naima,the New Bob Book,401
Namely You,the New Bob Book,402
Nancy with the Laughing,the New Bob Book,403
Nardis,the New Bob Book,404
Nature Boy,the New Bob Book,405
Nearness of You,the New Bob Book,406
Nefertiti,the New Bob Book,407
Nica’s Dream,the New Bob Book,408
Nice ‘N Easy,the New Bob Book,410
Nice Work If You Can,the New Bob Book,411
Night & Day,the New Bob Book,412
Night Has a Thousand,the New Bob Book,413
Night in Tunisia,the New Bob Book,414
Nightingale Sang In,the New Bob Book,416
Nobody Else But Me,the New Bob Book,417
Nuages,the New Bob Book,418
Nutville,the New Bob Book,419
O Grande Amor,the New Bob Book,420
Off The Top,the New Bob Book,421
Old Country,the New Bob Book,422
Old Devil Moon,the New Bob Book,423
Old Folks,the New Bob Book,424
Oleo,the New Bob Book,425
On a Clear Day,the New Bob Book,426
On a Misty Night,the New Bob Book,427
On the Stairs,the New Bob Book,428
On the Street Where,the New Bob Book,429
On the Trail,the New Bob Book,430
Once I Loved,the New Bob Book,431
Once in a While,the New Bob Book,432
One Note Samba,the New Bob Book,433
One for My Baby,the New Bob Book,434
One for Rose,the New Bob Book,436
Only Trust Your Heart,the New Bob Book,438
Opus de Don,the New Bob Book,439
Opus de Funk,the New Bob Book,440
Opus One,the New Bob Book,441
Ornithology,the New Bob Book,442
Our Day Will Come,the New Bob Book,443
Our Delight,the New Bob Book,444
Our Love is Here to Stay,the New Bob Book,445
Out of Nowhere,the New Bob Book,446
Out of the Night,the New Bob Book,447
Out of This World,the New Bob Book,448
Party’s Over,the New Bob Book,449
Pennies from Heaven,the New Bob Book,450
Pensativa,the New Bob Book,451
Pent-up House,the New Bob Book,452
People,the New Bob Book,453
Perdido,the New Bob Book,454
Pick Yourself Up,the New Bob Book,455
Poinciana,the New Bob Book,456
Polka Dots & Moonbeams,the New Bob Book,457
Poor Butterfly,the New Bob Book,458
Portrait of Jennie,the New Bob Book,459
Prelude to a Kiss,the New Bob Book,460
Prince Albert,the New Bob Book,461
Put Your Dreams Away,the New Bob Book,462
Quicksilver,the New Bob Book,463
Ray's Idea,the New Bob Book,464
Recado Bossa Nova,the New Bob Book,465
Recordame,the New Bob Book,466
Red Clay,the New Bob Book,467
Red Sails in the Sunset,the New Bob Book,468
Relaxin' at Camarillo,the New Bob Book,469
Remember,the New Bob Book,470
Rhythm-A-Ning,the New Bob Book,471
Road Song,the New Bob Book,472
Robbin’s Nest,the New Bob Book,473
Room 608,the New Bob Book,474
Rosetta,the New Bob Book,475
Rough Ridin’,the New Bob Book,476
'Round Midnight,the New Bob Book,477
"Ruby, My Dear",the New Bob Book,478
Saddest Thing of All,the New Bob Book,479
Samba de Orpheu,the New Bob Book,480
Sands of Time,the New Bob Book,481
Sandu,the New Bob Book,482
Satin Doll,the New Bob Book,483
Save Your Love for Me,the New Bob Book,484
Scrapple from the Apple,the New Bob Book,485
Second Time Around,the New Bob Book,486
Secret Love,the New Bob Book,487
September in the Rain,the New Bob Book,488
September Song,the New Bob Book,489
Serenade in Blue,the New Bob Book,490
Serenata,the New Bob Book,491
Seven Steps to Heaven,the New Bob Book,492
Shadow of Your Smile,the New Bob Book,493
Shaker Song,the New Bob Book,494
Shiny Stockings,the New Bob Book,495
Sidewinder,the New Bob Book,496
Silver's Serenade,the New Bob Book,497
Simple Waltz,the New Bob Book,498
Simone,the New Bob Book,500
Since I Fell For You,the New Bob Book,501
Sister Sadie,the New Bob Book,502
Skating in Central Park,the New Bob Book,503
Skylark,the New Bob Book,504
Slow Boat to China,the New Bob Book,505
Slow Hot Wind,the New Bob Book,506
Smoke Gets In Your Eyes,the New Bob Book,507
So in Love,the New Bob Book,508
So Nice,the New Bob Book,509
So What,the New Bob Book,510
Soft Summer Breeze,the New Bob Book,511
Soft Winds,the New Bob Book,512
"Softly, As In A Morning Sunrise",the New Bob Book,513
Solar,the New Bob Book,514
Solitude,the New Bob Book,515
Some Other Time,the New Bob Book,516
Someday My Prince Will,the New Bob Book,517
Someone to Watch Over,the New Bob Book,518
Sometime Ago,the New Bob Book,519
Somewhere in the Night,the New Bob Book,520
Somewhere Over the,the New Bob Book,521
Song for My Father,the New Bob Book,522
The Song Is Ended,the New Bob Book,523
Song is You,the New Bob Book,524
Soon,the New Bob Book,525
Soon It’s Gonna Rain,the New Bob Book,526
Sophisticated Lady,the New Bob Book,527
Soul Eyes,the New Bob Book,528
Soultrane,the New Bob Book,529
Spain,the New Bob Book,530
Speak Low,the New Bob Book,531
Spectacular,the New Bob Book,532
Spring is Here,the New Bob Book,533
Spring Can Really Hang,the New Bob Book,534
St. Thomas,the New Bob Book,536
Stablemates,the New Bob Book,537
Stairway to the Stars,the New Bob Book,538
Star Eyes,the New Bob Book,539
Stardust,the New Bob Book,540
Stars Fell on Alabama,the New Bob Book,541
Stella by Starlight,the New Bob Book,542
Stolen Moments,the New Bob Book,543
Stompin’ at the Savoy,the New Bob Book,544
Stormy Weather,the New Bob Book,545
Stranger in Paradise,the New Bob Book,546
Street of Dreams,the New Bob Book,547
Strollin’,the New Bob Book,548
Summer in Central Park,the New Bob Book,549
Summer Night,the New Bob Book,550
Summertime,the New Bob Book,551
Sunny,the New Bob Book,552
Sunny Side of the Street,the New Bob Book,553
Sunshine of My Life,the New Bob Book,554
Sweet and Lovely,the New Bob Book,555
Sweet Georgia Brown,the New Bob Book,556
Sweet Lorraine,the New Bob Book,557
Swingin’ the Samba,the New Bob Book,558
S’Wonderful,the New Bob Book,559
Take Five,the New Bob Book,560
Take the “A” Train,the New Bob Book,561
Takin’ a Chance on,the New Bob Book,562
Talk of the Town,the New Bob Book,563
Tangerine,the New Bob Book,564
Tea for Two,the New Bob Book,565
Teach Me Tonight,the New Bob Book,566
Tenderly,the New Bob Book,567
That Old Feeling,the New Bob Book,568
That’s All,the New Bob Book,569
Theme for Ernie,the New Bob Book,570
Theme from the Fox,the New Bob Book,571
There Is No Greater,the New Bob Book,572
There Will Never Be,the New Bob Book,573
There’s A Small Hotel,the New Bob Book,574
There's No You,the New Bob Book,575
These Are Soulful Days,the New Bob Book,576
These Foolish Things,the New Bob Book,577
They Can’t Take That...,the New Bob Book,578
Things Ain’t What They …,the New Bob Book,579
Things We Did Last,the New Bob Book,580
This Can’t Be Love,the New Bob Book,581
This I Dig of You,the New Bob Book,582
This Is New,the New Bob Book,583
This Love of Mine,the New Bob Book,584
This Masquerade,the New Bob Book,585
This Time the Dream’s,the New Bob Book,586
Thou Swell,the New Bob Book,587
Three and One,the New Bob Book,588
Three Little Words,the New Bob Book,589
Till There Was You,the New Bob Book,590
Time After Time,the New Bob Book,591
Time On My Hands,the New Bob Book,592
’Tis Autumn,the New Bob Book,593
Too Close For Comfort,the New Bob Book,594
Too Late Now,the New Bob Book,595
Too Marvelous For Words,the New Bob Book,596
Touch of Your Lips,the New Bob Book,597
Tricotism,the New Bob Book,598
Triste,the New Bob Book,599
Tune Up,the New Bob Book,600
Two for the Road,the New Bob Book,601
Undecided,the New Bob Book,602
Unforgettable,the New Bob Book,603
Unit Seven,the New Bob Book,604
Until The Real Thing,the New Bob Book,605
Up Jumped Spring,the New Bob Book,606
Valdez in the Country,the New Bob Book,607
Valse Hot,the New Bob Book,608
Very Early,the New Bob Book,609
Very Thought of You,the New Bob Book,610
Violets for Your Furs,the New Bob Book,611
"Visit, The",the New Bob Book,612
Voyage,the New Bob Book,613
Walk On By,the New Bob Book,614
Walkin',the New Bob Book,615
Waltse for Dave,the New Bob Book,616
Waltz Dark,the New Bob Book,617
Waltz for Debby,the New Bob Book,618
Waltz New,the New Bob Book,620
Watch What Happens,the New Bob Book,621
Watermelon Man,the New Bob Book,622
Wave,the New Bob Book,623
Way You Look Tonight,the New Bob Book,624
Weaver of Dreams,the New Bob Book,625
Webb City,the New Bob Book,626
Wee Small Hours,the New Bob Book,627
We’ll Be Together Again,the New Bob Book,628
Well You Needn’t,the New Bob Book,629
Wendy,the New Bob Book,630
West Coast Blues,the New Bob Book,631
What a Difference,the New Bob Book,632
What a Wonderful World,the New Bob Book,633
What Am I Here For?,the New Bob Book,634
What Are You Doing,the New Bob Book,635
What is This Thing Called,the New Bob Book,636
What Kind of Fool Am I,the New Bob Book,637
What the World Needs,the New Bob Book,638
What’ll I Do?,the New Bob Book,639
What’s New?,the New Bob Book,640
When I Fall In Love,the New Bob Book,641
When Lights Are Low,the New Bob Book,642
When Sunny Gets Blue,the New Bob Book,643
When You Wish Upon,the New Bob Book,644
When Your Lover Has,the New Bob Book,645
Where Are You?,the New Bob Book,646
Where is Love,the New Bob Book,647
Where is the Love,the New Bob Book,648
Where or When,the New Bob Book,649
While We're Young,the New Bob Book,650
Whisper Not,the New Bob Book,651
Who Can I Turn To?,the New Bob Book,652
Who Knows,the New Bob Book,653
Wild Flower,the New Bob Book,654
Will You Still Be Mine?,the New Bob Book,655
Willow Weep For me,the New Bob Book,656
Windows,the New Bob Book,657
Witchcraft,the New Bob Book,658
Without a Song,the New Bob Book,659
Without You (Tres Pal),the New Bob Book,660
Wives and Lovers,the New Bob Book,661
Wonder Why,the New Bob Book,662
Woody'n You,the New Bob Book,663
Work Song,the New Bob Book,664
Yardbird Suite,the New Bob Book,665
Yesterdays,the New Bob Book,666
You and the Night and,the New Bob Book,667
You Are Too Beautiful,the New Bob Book,668
You Don't Know What,the New Bob Book,669
You Go To My Head,the New Bob Book,670
You Make Me Feel So,the New Bob Book,671
You Must Believe in,the New Bob Book,672
You Say You Care,the New Bob Book,673
You Stepped Out of,the New Bob Book,674
You Took Advantage,the New Bob Book,675
You Turned the Tables,the New Bob Book,676
You’d Be So Nice,the New Bob Book,677
You’ll Never Know,the New Bob Book,678
Young and Foolish,the New Bob Book,679
You’re My Everything,the New Bob Book,680
Yours is My Heart Alone,the New Bob Book,681
You’ve Changed,the New Bob Book,682
You've Never Been There,the New Bob Book,683
Zingara,the New Bob Book,684