A Caroling We Go,the Real Christmas Book,6
Almost Day,the Real Christmas Book,7
All I Want For Christmas Is You,the Real Christmas Book,8
Angels From The Realms Of Glory,the Real Christmas Book,10
Angels We Have Heard On High,the Real Christmas Book,11
As Long As There's Christmas (from BEAUTY AND THE BEAST - THE ENCHANTED CHRISTMAS),the Real Christmas Book,12
Auld Lang Syne,the Real Christmas Book,14
Away In A Manger (Spillman),the Real Christmas Book,15
Away In A Manger (Murray),the Real Christmas Book,16
Blue Christmas,the Real Christmas Book,17
"Baby, It's Cold Outside (from NEPTUNE'S DAUGHTER)",the Real Christmas Book,18
Because It's Christmas (For All The Children),the Real Christmas Book,20
The Boar's Head Carol,the Real Christmas Book,22
"Bring A Torch, Jeannette, Isabella",the Real Christmas Book,23
Brazilian Sleigh Bells,the Real Christmas Book,24
Burgundian Carol,the Real Christmas Book,26
Carol Of The Bells,the Real Christmas Book,27
"Caroling, Caroling",the Real Christmas Book,28
The Chipmunk Song,the Real Christmas Book,29
Christ Was Born On Christmas Day,the Real Christmas Book,30
Christmas Is,the Real Christmas Book,31
C-H-R-I-S-T-M-A-S,the Real Christmas Book,32
Christmas Is A-Comin' (May God Bless You),the Real Christmas Book,34
Christmas Is The Time To Say I Love You,the Real Christmas Book,36
The Christmas Song,the Real Christmas Book,38
Christmas Time Is Here (from A CHARLIE BROWN CHRISTMAS),the Real Christmas Book,39
The Christmas Waltz,the Real Christmas Book,40
Coventry Carol,the Real Christmas Book,41
Cold December Nights,the Real Christmas Book,42
Dance Of The Sugar Plum Fairy (from THE NUTCRACKER),the Real Christmas Book,44
Deck The Hall,the Real Christmas Book,45
Ding Dong! Merrily On High!,the Real Christmas Book,46
Do You Hear What I Hear,the Real Christmas Book,47
Do They Know It's Christmas? (Feed The World),the Real Christmas Book,48
Feliz Navidad,the Real Christmas Book,50
The First Noel,the Real Christmas Book,51
The Friendly Beasts,the Real Christmas Book,52
From Heaven Above To Earth I Come,the Real Christmas Book,53
Frosty The Snow Man,the Real Christmas Book,54
"Fum, Fum, Fum",the Real Christmas Book,56
"Go, Tell It On The Mountain",the Real Christmas Book,57
Ges√π Bambino (The Infant Jesus),the Real Christmas Book,58
The Gift,the Real Christmas Book,60
"God Rest Ye Merry, Gentlemen",the Real Christmas Book,62
"Good Christian Men, Rejoice (Tune Name: IN DULCI JUBILO)",the Real Christmas Book,63
Good King Wenceslas,the Real Christmas Book,64
Greenwillow Christmas (from GREENWILLOW),the Real Christmas Book,65
Grandma Got Run Over By A Reindeer,the Real Christmas Book,66
Grandma's Killer Fruitcake,the Real Christmas Book,68
The Greatest Gift Of All,the Real Christmas Book,70
Grown-Up Christmas List,the Real Christmas Book,72
Hallelujah Chorus,the Real Christmas Book,74
"Happy Christmas, Little Friend",the Real Christmas Book,76
Happy Holiday (from Irving Berlin's HOLIDAY INN),the Real Christmas Book,77
"Happy Hanukkah, My Friend (The Hanukkah Song)",the Real Christmas Book,78
Happy Xmas (War Is Over),the Real Christmas Book,80
Hard Candy Christmas (from THE BEST LITTLE WHOREHOUSE IN TEXAS),the Real Christmas Book,82
Hark! The Herald Angels Sing,the Real Christmas Book,84
He,the Real Christmas Book,85
Here Comes Santa Claus (Right Down Santa Claus Lane),the Real Christmas Book,86
Here We Come A-Wassailing,the Real Christmas Book,87
The Holly And The Ivy,the Real Christmas Book,88
A Holly Jolly Christmas,the Real Christmas Book,89
(There's No Place Like) Home For The Holidays,the Real Christmas Book,90
I Heard The Bells On Christmas Day,the Real Christmas Book,92
I Saw Mommy Kissing Santa Claus,the Real Christmas Book,93
I Wonder As I Wander,the Real Christmas Book,94
I've Got My Love To Keep Me Warm (from ON THE AVENUE),the Real Christmas Book,95
I'll Be Home For Christmas,the Real Christmas Book,96
It Came Upon The Midnight Clear,the Real Christmas Book,98
It's A Big Wide Wonderful World (from ALL IN FUN),the Real Christmas Book,99
It Must Have Been The Mistletoe (Our First Christmas),the Real Christmas Book,100
It's Beginning To Look Like Christmas,the Real Christmas Book,102
It's Christmas In New York,the Real Christmas Book,104
It's Christmas Time All Over The World,the Real Christmas Book,106
It's Just Another New Year's Eve,the Real Christmas Book,108
"Jesu, Joy Of Man's Desiring",the Real Christmas Book,110
Jingle Bell Rock,the Real Christmas Book,112
Jingle Bells,the Real Christmas Book,114
"Jingle, Jingle, Jingle",the Real Christmas Book,115
Joy To The World (Tune Name: ANTIOCH),the Real Christmas Book,116
June In January (from HERE IS MY HEART),the Real Christmas Book,117
Last Christmas,the Real Christmas Book,118
The Last Month Of The Year (What Month Was Jesus Born In?),the Real Christmas Book,120
Let It Snow! Let It Snow! Let It Snow!,the Real Christmas Book,122
Let's Have An Old Fashioned Christmas,the Real Christmas Book,123
Little Saint Nick,the Real Christmas Book,124
Lost In The Stars (from LOST IN THE STARS),the Real Christmas Book,126
March Of The Toys (from BABES IN TOYLAND),the Real Christmas Book,128
A Marshmallow World,the Real Christmas Book,130
Mele Kalikimaka,the Real Christmas Book,131
"Merry Christmas, Baby",the Real Christmas Book,132
"Merry Christmas, Darling",the Real Christmas Book,134
The Merry Christmas Polka,the Real Christmas Book,136
Mistletoe And Holly,the Real Christmas Book,137
"Merry, Merry Christmas Baby",the Real Christmas Book,138
"A Merry, Merry Christmas To You",the Real Christmas Book,140
Mister Santa,the Real Christmas Book,142
The Most Wonderful Day Of The Year,the Real Christmas Book,144
The Most Wonderful Time Of The Year,the Real Christmas Book,146
My Favorite Things (from THE SOUND OF MUSIC),the Real Christmas Book,148
Noel! Noel!,the Real Christmas Book,149
My Only Wish This Year,the Real Christmas Book,150
The Night Before Christmas Song,the Real Christmas Book,152
Nuttin' For Christmas,the Real Christmas Book,154
O Christmas Tree,the Real Christmas Book,156
"O Come, All Ye Faithful (Adeste Fideles)",the Real Christmas Book,157
"O Come, O Come Immanuel",the Real Christmas Book,158
O Little Town Of Bethlehem (Tune Name: ST. LOUIS),the Real Christmas Book,159
O Holy Night (Tune Name: CANTIQUE NOEL),the Real Christmas Book,160
Old Toy Trains,the Real Christmas Book,162
Parade Of The Wooden Soldiers,the Real Christmas Book,164
Pretty Paper,the Real Christmas Book,166
Rockin' Around The Christmas Tree,the Real Christmas Book,168
Rudolph The Red-Nosed Reindeer,the Real Christmas Book,169
Santa Baby,the Real Christmas Book,170
"Santa, Bring My Baby Back (To Me)",the Real Christmas Book,172
Shake Me I Rattle (Squeeze Me I Cry),the Real Christmas Book,173
Santa Claus Is Comin' To Town,the Real Christmas Book,174
Silent Night,the Real Christmas Book,176
Silver And Gold,the Real Christmas Book,177
Silver Bells (from THE LEMON DROP KID),the Real Christmas Book,178
Sing We Now Of Christmas,the Real Christmas Book,179
Snowfall,the Real Christmas Book,180
Somewhere In My Memory (from HOME ALONE),the Real Christmas Book,181
Someday At Christmas,the Real Christmas Book,182
The Star Carol,the Real Christmas Book,184
"Still, Still, Still",the Real Christmas Book,185
Suzy Snowflake,the Real Christmas Book,186
That Christmas Feeling,the Real Christmas Book,187
Tennessee Christmas,the Real Christmas Book,188
This Christmas,the Real Christmas Book,190
This One's For The Children,the Real Christmas Book,192
Toyland (from BABES IN TOYLAND),the Real Christmas Book,194
Up On The Housetop,the Real Christmas Book,195
'Twas The Night Before Christmas,the Real Christmas Book,196
The Twelve Days Of Christmas,the Real Christmas Book,198
We Need A Little Christmas (from MAME),the Real Christmas Book,200
We Three Kings Of Orient Are,the Real Christmas Book,202
We Wish You A Merry Christmas,the Real Christmas Book,203
What A Merry Christmas This Could Be,the Real Christmas Book,204
What Are You Doing New Year's Eve?,the Real Christmas Book,206
What Child Is This?,the Real Christmas Book,207
When Santa Claus Gets Your Letter,the Real Christmas Book,208
While Shepherds Watched Their Flocks (Tune Name: CHRISTMAS),the Real Christmas Book,209
The White World Of Winter,the Real Christmas Book,210
The Wonderful World Of Christmas,the Real Christmas Book,211
Wonderful Christmastime,the Real Christmas Book,212
You Make It Feel Like Christmas,the Real Christmas Book,214
You're All I Want For Christmas,the Real Christmas Book,216