728,the Real Book II.pdf,319
52nd Street Theme,the Real Book II,100
Ablution,the Real Book II,8
Affirmation,the Real Book II,9
Airmail Special,the Real Book II,10
Alfie's Theme,the Real Book II,11
All Alone,the Real Book II,12
All God's Chillun Got Rhythm,the Real Book II,13
Altoitis,the Real Book II,14
Another Star,the Real Book II,15
April,the Real Book II,17
April Skids,the Real Book II,16
Ask Me Now,the Real Book II,19
Avalon,the Real Book II,20
Ba-Lue Bolivar Ba-Lues-Are,the Real Book II,27
Backstage Sally,the Real Book II,21
Bags And Trane,the Real Book II,22
Bags' Groove,the Real Book II,23
Barbados,the Real Book II,24
Barbara,the Real Book II,25
Basin Street Blues,the Real Book II,26
Be Bop,the Real Book II,28
Beethoven's Blue 3rd,the Real Book II,27
Better Git It In Your Soul,the Real Book II,29
Beyond All Limits,the Real Book II,30
Big P,the Real Book II,411
Billie's Bounce,the Real Book II,31
Bills' Hit Tune,the Real Book II,412
Birdland,the Real Book II,33
Birk's Works,the Real Book II,44
Birth Of The Blues,the Real Book II,32
Black And Tan Fantasy,the Real Book II,35
Bloomdido,the Real Book II,36
Blue A La Mode,the Real Book II,39
Blue And Sentimental,the Real Book II,37
Blue Moon,the Real Book II,38
Blue Seven,the Real Book II,40
Blue Silver,the Real Book II,42
Blues By Five,the Real Book II,40
Blues Connotation,the Real Book II,39
Blues For Philly Joe,the Real Book II,41
Blues For Wood,the Real Book II,41
Blues In The Closet,the Real Book II,43
Bohemia After Dark,the Real Book II,413
Boogie Stop Shuffle,the Real Book II,45
Booker's Waltz,the Real Book II,46
Bouncing With Bud,the Real Book II,47
Brazilian Beat,the Real Book II,48
Brian's Song,the Real Book II,49
Bright Boy,the Real Book II,50
Bright moments,the Real Book II,51
Brilliant Corners,the Real Book II,52
Brown Skin Girl,the Real Book II,53
Bud's Bubble,the Real Book II,53
Budo,the Real Book II,54
Bunko,the Real Book II,56
Buster Rides Again,the Real Book II,44
But Not For He,the Real Book II,57
Bye Bye Blackbird,the Real Book II,58
Byrdlike,the Real Book II,414
C Jam Blues,the Real Book II,62
C'est What,the Real Book II,64
Can't We Be Friends,the Real Book II,59
Caravan,the Real Book II,60
Careful,the Real Book II,61
Careless Love,the Real Book II,62
Catch Me,the Real Book II,63
Chameleon,the Real Book II,65
Chase The,the Real Book II,66
Chasin' The Train,the Real Book II,69
Cheese Cake,the Real Book II,67
Circle,the Real Book II,68
Come Rain Or Come Shine,the Real Book II,70
Comin' Home Baby,the Real Book II,71
Confessin (That I Love you),the Real Book II,72
Cookin',the Real Book II,73
Cool Blues,the Real Book II,71
Core (The),the Real Book II,73
Cork "N" Bib,the Real Book II,77
Cousin Mary,the Real Book II,69
Crazeology,the Real Book II,74
Criss/Cross,the Real Book II,75
Cute,the Real Book II,76
Day In Vienna,the Real Book II,78
Decision,the Real Book II,47
Deep Purple,the Real Book II,79
Dewey Square,the Real Book II,80
Diane,the Real Book II,81
Dindi,the Real Book II,82
Do Nothing Till You Hear From Me,the Real Book II,84
Do You Know What It Means (To Miss New Orleans,the Real Book II,87
Domingo,the Real Book II,83
Down For Double,the Real Book II,85
Doxy,the Real Book II,86
Drive (The),the Real Book II,88
Duff,the Real Book II,77
E.K.'s Blues,the Real Book II,99
Early Autumn,the Real Book II,89
Eclypso,the Real Book II,90
Einbahnstrasse,the Real Book II,99
Elora,the Real Book II,91
Embraceable You,the Real Book II,92
Enchance,the Real Book II,93
Epilogue,the Real Book II,94
Evening In Concert,the Real Book II,95
Everything I Have Is Yours,the Real Book II,96
Eye Of The Hurricane,the Real Book II,97
Ezz-thetic,the Real Book II,98
Feels So Good,the Real Book II,101
First Moves,the Real Book II,103
First Trip,the Real Book II,104
Five Brothers,the Real Book II,105
Five Spot After Dark,the Real Book II,111
Flim Flam,the Real Book II,106
Flintstone's Theme,the Real Book II,107
Flower Is A Lonesome Thing (A),the Real Book II,108
Fly By Night,the Real Book II,109
Fly Me To The Moon,the Real Book II,113
Flying Home,the Real Book II,112
Fools Rush In,the Real Book II,114
For Minors Only,the Real Book II,115
Four Brothers,the Real Book II,116
Fox Hunt,the Real Book II,117
Freddie Froo,the Real Book II,118
Free,the Real Book II,123
Free Cell Block "F",the Real Book II,119
Friday The 13th,the Real Book II,121
Funk Dumplin,the Real Book II,111
Funky,the Real Book II,123
Games People Play,the Real Book II,124
Gentle Rain,the Real Book II,129
Gentle Wind And Falling Tear,the Real Book II,125
Georgia,the Real Book II,126
Get Out Of Town,the Real Book II,127
Gettin' It Togetha,the Real Book II,124
Ghost Of A Chance (A),the Real Book II,128
Girl Talk,the Real Book II,129
Golden Notebooks,the Real Book II,131
Good Bait,the Real Book II,130
Gregory Is Here,the Real Book II,133
Groove Merchant,the Real Book II,135
Groove Yard,the Real Book II,136
Groovy Samba,the Real Book II,137
Hackensack,the Real Book II,138
Hallucinations,the Real Book II,39
Happy Little Sunbeam,the Real Book II,40
Harlequin,the Real Book II,43
Havona,the Real Book II,141
Head And Shoulders,the Real Book II,144
Hello,the Real Book II,147
Here's That Sunny Day,the Real Book II,145
Hi Beck,the Real Book II,148
Ho-Ba-La-La,the Real Book II,149
Hocus Pocus,the Real Book II,150
Horacescope,the Real Book II,153
Horizon,the Real Book II,151
Hummin,the Real Book II,154
Humpty Dumpty,the Real Book II,155
I Believe In You,the Real Book II,157
I Cover The Waterfront,the Real Book II,159
I Get A Kick Out Of You,the Real Book II,165
I Hear A Rhapsody,the Real Book II,167
I Remember You,the Real Book II,176
I Thought About You,the Real Book II,181
I Will Wait For You,the Real Book II,186
I'm A Fool To Want You,the Real Book II,168
I'm Gettin' Sentimental Over You,the Real Book II,170
I've Found A New Baby,the Real Book II,185
Ice Cream Konitz,the Real Book II,156
Idol Gossip,the Real Book II,160
If I Loved You,the Real Book II,161
If I Should Lose You,the Real Book II,162
If I were A Bell,the Real Book II,163
If You Could See Me Now,the Real Book II,164
Imagination,the Real Book II,169
In Case You Haven't Heard,the Real Book II,171
In Pursuit Of The 27th Man,the Real Book II,174
In Walked Bud,the Real Book II,175
Incentive,the Real Book II,172
Indiana,the Real Book II,173
Is It Really True?,the Real Book II,178
Island Birdie,the Real Book II,177
It Could Happen To You,the Real Book II,119
It Had To Be You,the Real Book II,180
It Might As Well Be Spring,the Real Book II,183
It's Only A Paper Moon,the Real Book II,182
Jackie,the Real Book II,186
Jaco,the Real Book II,187
Je Ne Sais Pas,the Real Book II,189
Jeannine,the Real Book II,188
Jitterbug Waltz,the Real Book II,191
Jody Grind,the Real Book II,190
Jorgie's,the Real Book II,193
Joy To The World,the Real Book II,195
Joyce's Samba,the Real Book II,194
Jump For Me,the Real Book II,196
Jumping With Symphony Sid,the Real Book II,195
Just A Few,the Real Book II,197
Just A-Sittin' and A-Rockin',the Real Book II,198
Just In Time,the Real Book II,199
Just The Way You Are,the Real Book II,201
Just You Just Me,the Real Book II,200
Kary's France,the Real Book II,203
Katrina Ballerina,the Real Book II,204
Kentucky Oysters,the Real Book II,205
Kicker (The),the Real Book II,205
Kids Are Pretty People,the Real Book II,206
Killer Joe,the Real Book II,207
La Nevada Blues,the Real Book II,213
Lady Be Good!,the Real Book II,278
Lady's Blues,the Real Book II,208
Lakes,the Real Book II,209
Last Page (The),the Real Book II,211
Laura,the Real Book II,210
Leila,the Real Book II,214
Lennie-Bird,the Real Book II,234
Lennie's Pennies,the Real Book II,215
Lester Leaps In,the Real Book II,216
Let's Cook One,the Real Book II,217
Liberated Brother,the Real Book II,218
Lies,the Real Book II,219
Light As A Feather,the Real Book II,220
Like Sonny,the Real Book II,221
Limbo,the Real Book II,213
Little Chicago Fire,the Real Book II,222
Little Rootie Tootie,the Real Book II,416
Little Sunflower,the Real Book II,223
Locomotion,the Real Book II,224
Lone Jack,the Real Book II,225
Lonely Dreams,the Real Book II,227
Love For Sale,the Real Book II,229
Love Vibrations,the Real Book II,232
Lover,the Real Book II,228
Lover Man,the Real Book II,231
Lunar Tune,the Real Book II,415
Lydian April,the Real Book II,233
Make Someone Happy,the Real Book II,235
Man I Love (The),the Real Book II,236
Manteca,the Real Book II,417
Masquerade,the Real Book II,237
May-Reh,the Real Book II,238
Mellow Mood,the Real Book II,239
Memories Of You,the Real Book II,240
Menina Flor,the Real Book II,241
Mercy Mercy Mercy,the Real Book II,242
Miles Ahead,the Real Book II,243
Minor Mishap,the Real Book II,244
Minor Mood,the Real Book II,245
Moak's Shop,the Real Book II,246
Moanin',the Real Book II,247
Modesty Blues,the Real Book II,248
Monk's Mood,the Real Book II,249
Monk's Sphere,the Real Book II,250
Moon Glow,the Real Book II,251
Moon Rays,the Real Book II,252
Moontrane,the Real Book II,253
Moose The Mooche,the Real Book II,254
Morning,the Real Book II,255
Moten's Swing,the Real Book II,256
Move,the Real Book II,257
Moving Out,the Real Book II,258
Mr. Broadway Theme From,the Real Book II,259
Mr. Clean,the Real Book II,234
Mr. Magic,the Real Book II,261
Mr. Sims,the Real Book II,262
Mr.Jones,the Real Book II,260
Mrs. Miniver,the Real Book II,263
Muezzin',the Real Book II,264
My Little Suede Shoes,the Real Book II,265
My old Flame,the Real Book II,266
Mystic Touch,the Real Book II,250
Nancy Joe,the Real Book II,272
Nature Boy,the Real Book II,267
Nearness Of You,the Real Book II,268
New Thing,the Real Book II,269
No Me Esqueca,the Real Book II,270
No Moe,the Real Book II,271
No Splice,the Real Book II,275
North Atlantic Run,the Real Book II,273
Now's The Time,the Real Book II,272
Nutville,the Real Book II,276
Off Minor,the Real Book II,277
Old Devil Moon,the Real Book II,279
On A Clear Day,the Real Book II,280
On The Stairs,the Real Book II,284
On The Trail,the Real Book II,277
Once In Awhile,the Real Book II,281
One By One,the Real Book II,282
One Foot In The Gutter,the Real Book II,283
One For Daddy-O,the Real Book II,285
Opus De Funk,the Real Book II,285
Our Love Is Here To Stay,the Real Book II,286
Out Back Of The Barn,the Real Book II,287
Oye Como Ya,the Real Book II,410
Palo-Alto,the Real Book II,289
Pannonic,the Real Book II,288
Patterns,the Real Book II,291
Pennies From Heaven,the Real Book II,293
Penny Arcade,the Real Book II,294
People Will Say We're In Love,the Real Book II,299
Perdido,the Real Book II,295
Perdido Line,the Real Book II,297
Petite Fleure,the Real Book II,300
Petits Machins,the Real Book II,301
Phase Dance,the Real Book II,303
Pick Yourself Up,the Real Book II,302
Polka Dots And Moonbeams,the Real Book II,304
Portrait Of Jennie,the Real Book II,305
Pragression,the Real Book II,306
Preacher (The),the Real Book II,307
Pursuance,the Real Book II,307
Quicksilver,the Real Book II,308
Ramblin',the Real Book II,314
Recado Bossa Nova,the Real Book II,309
Red Cross,the Real Book II,310
Remark You Made,the Real Book II,311
Rhythm-A-Ning,the Real Book II,316
Robbin's Nest,the Real Book II,313
Round Trip,the Real Book II,314
Rubberneck,the Real Book II,315
Saint James Infirmary,the Real Book II,332
Saint Thomas,the Real Book II,322
Salt Peanuts,the Real Book II,317
Samba Du Bois,the Real Book II,318
Sandu,the Real Book II,319
Scene Is Clean (The),the Real Book II,418
September In The Rain,the Real Book II,320
September Song,the Real Book II,321
Serenade To A Soul Sister,the Real Book II,323
Serene,the Real Book II,322
Serenity,the Real Book II,326
Seventeen West,the Real Book II,324
Shiny Stockings,the Real Book II,325
Short Riff,the Real Book II,363
Short Stop,the Real Book II,329
Shutter Bug,the Real Book II,329
Silver's Serenade,the Real Book II,327
Simone,the Real Book II,328
Sippin' At Bell's,the Real Book II,332
Sister Sadie,the Real Book II,331
Sleeping Bee,the Real Book II,419
Slipped Disc,the Real Book II,333
Slow Hot Wind,the Real Book II,335
Smoke Gets In Your Eyes,the Real Book II,336
Softly As A Morning Sunrise,the Real Book II,337
Some Other Blues,the Real Book II,326
Someone To Watch Over Me,the Real Book II,338
Song For Bilbad,the Real Book II,339
Song For My Lady,the Real Book II,324
Soul Eyes,the Real Book II,340
Soultrane,the Real Book II,341
Sound Lee,the Real Book II,342
Speak Like A Child,the Real Book II,343
Speak Low,the Real Book II,344
Spiral,the Real Book II,345
Spring Can Really Hang You Up The Most,the Real Book II,346
St. Louis Blues,the Real Book II,349
Star Eyes,the Real Book II,348
Stardust,the Real Book II,347
Straight Life,the Real Book II,350
Strayhorn 2,the Real Book II,351
Strode Rode,the Real Book II,352
Strollin,the Real Book II,353
Struttin' With Some Bar-B-Q,the Real Book II,354
Sub-Conscious-Lee,the Real Book II,355
Summer In Central Park,the Real Book II,356
Summer Knows (The),the Real Book II,357
Summer Time,the Real Book II,330
Sunshine Express,the Real Book II,358
Sweet Georgia Brown,the Real Book II,360
Sweetest Sounds(The),the Real Book II,359
Swingin' Shepherd Blues,the Real Book II,330
Syeeda's Song Flute,the Real Book II,361
Tadd's Delight,the Real Book II,364
Taking A Chance on Love,the Real Book II,365
Tangerine,the Real Book II,366
Tautology,the Real Book II,367
Teenie' Blues,the Real Book II,368
Tenderly,the Real Book II,369
Tenor Madness,the Real Book II,383
Theirs Tears,the Real Book II,370
Theme From Mr. Broadway,the Real Book II,259
These Foolish Things (ReMind Me Of You),the Real Book II,371
Things Ain't What They Used To Be,the Real Book II,372
Things To Come,the Real Book II,373
This I Dig Of You,the Real Book II,374
Three Base Hit,the Real Book II,420
Thriving On A Riff,the Real Book II,375
Thumper (The),the Real Book II,363
Tickle-Toe,the Real Book II,376
Till There was You,the Real Book II,377
Time After Time,the Real Book II,378
Tippin',the Real Book II,379
Toad's Place,the Real Book II,381
Tomorrow's Destiny,the Real Book II,380
Trane's Blues,the Real Book II,383
Turn Around,the Real Book II,384
Twisted,the Real Book II,368
Two Not One,the Real Book II,385
Vonetta,the Real Book II,386
Walk Tall,the Real Book II,389
Walkin' Shoes,the Real Book II,387
Walkin' Thing (A),the Real Book II,388
Wall Street,the Real Book II,390
Watch What Happens,the Real Book II,391
Water Colors,the Real Book II,392
Watersign,the Real Book II,393
Way You Look Tonight(The),the Real Book II,395
Webb City,the Real Book II,421
Weekend Blues,the Real Book II,396
Wendy,the Real Book II,397
What's New,the Real Book II,398
When Lights Are Low,the Real Book II,399
Whisper Not,the Real Book II,400
Who Can I Turn To,the Real Book II,401
Whopper (The),the Real Book II,402
Willow Weep For Me,the Real Book II,403
Work Song,the Real Book II,406
Wow,the Real Book II,404
Wrong It Right,the Real Book II,405
Yana Amina,the Real Book II,407
Yardbird Suite,the Real Book II,408
You Better Leave It Alone,the Real Book II,406
You Stepped Out Of A Dream,the Real Book II,409
You'd Be So Nice To Come Home To,the Real Book II,410
