A Ace in the Hole,the Real Dixieland Book,10
After I Say I'm Sorry,the Real Dixieland Book,9
After You've Gone,the Real Dixieland Book,12
Ain't Misbehavin',the Real Dixieland Book,14
Ain't She Sweet,the Real Dixieland Book,16
Alabama Jubilee,the Real Dixieland Book,18
Alabamy Bound,the Real Dixieland Book,20
The Alcoholic Blues,the Real Dixieland Book,22
Alexander's Ragtime Band,the Real Dixieland Book,24
Alice Blue Gown,the Real Dixieland Book,26
All By Myself,the Real Dixieland Book,28
Angry,the Real Dixieland Book,30
As Long As I Live,the Real Dixieland Book,27
At A Georgia Camp Meeting,the Real Dixieland Book,32
At Sundown,the Real Dixieland Book,33
Aunt Hagar's Blues,the Real Dixieland Book,34
Avalon,the Real Dixieland Book,36
Baby Face,the Real Dixieland Book,38
"Baby, Won't You Please Come Home",the Real Dixieland Book,37
Back In Your Own Backyard,the Real Dixieland Book,40
Ballin' The Jack,the Real Dixieland Book,42
Basin Street Blues,the Real Dixieland Book,44
Beale Street Blues,the Real Dixieland Book,46
"Bill Bailey, Won't You Please Come Home",the Real Dixieland Book,50
Between The Devil And The Deep Blue Sea (That Means You're Grand),the Real Dixieland Book,45
The Birth of the Blues,the Real Dixieland Book,52
Black and Blue,the Real Dixieland Book,54
Blue And Broken Hearted,the Real Dixieland Book,55
A Black Bottom Stomp,the Real Dixieland Book,56
The Blue Room,the Real Dixieland Book,58
Blue Skies,the Real Dixieland Book,60
Borneo,the Real Dixieland Book,61
Blue Turning Grey Over You,the Real Dixieland Book,62
Blues My Naughty Sweetie Gave To Me,the Real Dixieland Book,64
Bluin' The Blues,the Real Dixieland Book,66
"California, Here I Come",the Real Dixieland Book,73
Cake Walking Babies From Home,the Real Dixieland Book,74
Canal Street Blues,the Real Dixieland Book,76
Careless Love,the Real Dixieland Book,77
Chicago (That Toddlin' Town),the Real Dixieland Book,78
Chicago Breakdown (Stratford Hunch),the Real Dixieland Book,80
China Boy,the Real Dixieland Book,81
Chimes Blues,the Real Dixieland Book,82
"Chinatown, My Chinatown",the Real Dixieland Book,84
A Cottage For Sale,the Real Dixieland Book,85
Clarinet Marmalade,the Real Dixieland Book,86
Come Back Sweet Papa,the Real Dixieland Book,88
Copenhagen,the Real Dixieland Book,90
Cornet Chop Suey,the Real Dixieland Book,92
Crazy Rhythm,the Real Dixieland Book,94
The Curse Of An Aching Heart,the Real Dixieland Book,95
Dangerous Blues,the Real Dixieland Book,96
Dardanella,the Real Dixieland Book,98
The Darktown Strutters Ball,the Real Dixieland Book,100
Dear Old Southland,the Real Dixieland Book,102
'Deed I Do,the Real Dixieland Book,103
Dig-A-Dig-A-Doo,the Real Dixieland Book,104
Dill Pickles,the Real Dixieland Book,105
Dinah,the Real Dixieland Book,106
Dippermouth Blues,the Real Dixieland Book,108
Do You Know What It Means To Miss New Orleans,the Real Dixieland Book,110
Doctor Jazz,the Real Dixieland Book,112
Don't Get Around Much Anymore,the Real Dixieland Book,114
Down By The Riverside,the Real Dixieland Book,116
Down Home Rag,the Real Dixieland Book,117
Down In Jungle Town,the Real Dixieland Book,118
East St. Louis Toodle-00,the Real Dixieland Book,120
Everybody Loves My Baby (But My Baby Don't Love Nobody But Me),the Real Dixieland Book,122
Exactly Like You,the Real Dixieland Book,124
Farewell Blues,the Real Dixieland Book,125
The Fish Man (Le Marchand De Poissons),the Real Dixieland Book,126
"Five Foot Two, Eyes Of Blue (Has Anybody Seen My Girl)",the Real Dixieland Book,127
Floatin' Down To Cotton Town,the Real Dixieland Book,128
"Gee Baby, Ain't I Good To You",the Real Dixieland Book,130
Georgia On My Mind,the Real Dixieland Book,131
A Good Man Is Hard To Find,the Real Dixieland Book,132
Goodbye,the Real Dixieland Book,134
Grandpa's Spells,the Real Dixieland Book,136
Grizzly Bear,the Real Dixieland Book,136
Darktown Strutters' Ball,the Real Dixieland Book,100
Hard Hearted Hannah (The Vamp of Savannah),the Real Dixieland Book,140
Heebie Jeebies,the Real Dixieland Book,138
High Society,the Real Dixieland Book,142
Hindustan,the Real Dixieland Book,144
Home (When Shadows Fall),the Real Dixieland Book,139
Honeysuckle Rose,the Real Dixieland Book,148
Hotter Than That,the Real Dixieland Book,146
A Hundred Years From Today,the Real Dixieland Book,150
I Ain't Gonna Give Nobody None O' This Jelly Roll,the Real Dixieland Book,147
I Can't Believe That You're In Love With Me,the Real Dixieland Book,152
I Can't Give You Anything But Love,the Real Dixieland Book,153
I Got A Right To Sing The Blues,the Real Dixieland Book,154
I Never Knew,the Real Dixieland Book,155
I Never Knew (I Could Love Anybody Like I'm Loving You),the Real Dixieland Book,156
I Want A Big Butter And Egg Man,the Real Dixieland Book,157
I Wish I Could Shimmy Like My Sister Kate,the Real Dixieland Book,160
I'm Confessin' (That I Love You),the Real Dixieland Book,158
I'm Crazy 'Bout My Baby (And My Baby's Crazy 'Bout Me),the Real Dixieland Book,162
I'm Gonna Sit Right Down And Write Myself A Letter,the Real Dixieland Book,159
I'm Gonna Stomp Mr. Henry Lee,the Real Dixieland Book,164
I've Found A New Baby (I Found A New Baby),the Real Dixieland Book,166
I've Got A Feeling I'm Falling,the Real Dixieland Book,168
"Ida, Sweet As Apple Cider",the Real Dixieland Book,165
In A Shanty In Old Shanty Town,the Real Dixieland Book,170
Indiana (Back Home Again In Indiana),the Real Dixieland Book,172
Irish Black Bottom,the Real Dixieland Book,174
Is It True What They Say About Dixie?,the Real Dixieland Book,176
It All Depends On You,the Real Dixieland Book,178
It Don't Mean A Thing (If It Ain't Got That Swing),the Real Dixieland Book,179
Ja-Da,the Real Dixieland Book,180
The Japanese Sandman,the Real Dixieland Book,182
The Jazz Me Blues,the Real Dixieland Book,184
Jelly Roll Blues,the Real Dixieland Book,186
Jitterbug Waltz,the Real Dixieland Book,188
Johnson Rag,the Real Dixieland Book,189
Jubilee,the Real Dixieland Book,190
June Night,the Real Dixieland Book,191
Just A Closer Walk With Thee,the Real Dixieland Book,192
Keeping Out Of Mischief Now,the Real Dixieland Book,193
King Porter Stomp,the Real Dixieland Book,196
Lazy River,the Real Dixieland Book,198
Lazybones,the Real Dixieland Book,200
Life Is Just A Bowl Of Cherries,the Real Dixieland Book,202
Limehouse Blues,the Real Dixieland Book,204
Linger Awhile,the Real Dixieland Book,199
Livery Stable Blues (Barnyard Blues),the Real Dixieland Book,206
The Lonesome Road,the Real Dixieland Book,207
Louisiana,the Real Dixieland Book,208
Love Is Just Around The Corner,the Real Dixieland Book,210
The Love Nest,the Real Dixieland Book,211
Mahogany Hall Stomp,the Real Dixieland Book,212
Makin' Whoopee!,the Real Dixieland Book,214
Mandy,the Real Dixieland Book,216
Mandy Make Up Your Mind,the Real Dixieland Book,218
Maple Leaf Rag,the Real Dixieland Book,220
Margie,the Real Dixieland Book,217
Mean To Me,the Real Dixieland Book,222
Memories Of You,the Real Dixieland Book,223
The Minor Drag (The Dragster Drag),the Real Dixieland Book,227
My Baby Just Cares For Me,the Real Dixieland Book,232
My Blue Heaven,the Real Dixieland Book,234
My Buddy,the Real Dixieland Book,235
My Gal Sal,the Real Dixieland Book,236
My Honey's Loving Arms,the Real Dixieland Book,238
My Melancholy Baby,the Real Dixieland Book,240
My Monday Date,the Real Dixieland Book,237
Nagasaki,the Real Dixieland Book,242
New Orleans,the Real Dixieland Book,244
Nobody Knows You When You're Down And Out,the Real Dixieland Book,245
Nobody's Sweetheart,the Real Dixieland Book,246
Oh By Jingo! Oh By Gee! You're The Only Girl For Me,the Real Dixieland Book,248
Oh! Didn't He Ramble,the Real Dixieland Book,249
On The Alamo,the Real Dixieland Book,250
Oriental Strut,the Real Dixieland Book,252
Original Dixieland One-Step,the Real Dixieland Book,254
Ory's Creole Trombone,the Real Dixieland Book,256
Paddlin' Madelin' Home,the Real Dixieland Book,258
Palesteena,the Real Dixieland Book,260
Panama,the Real Dixieland Book,262
The Pearls,the Real Dixieland Book,264
Peg O' My Heart,the Real Dixieland Book,259
Petite Fleur (Little Flower),the Real Dixieland Book,266
Please,the Real Dixieland Book,268
Poor Butterfly,the Real Dixieland Book,270
Potato Head Blues,the Real Dixieland Book,272
Pretty Baby,the Real Dixieland Book,274
P.S. I Love You,the Real Dixieland Book,269
Puttin' On The Ritz,the Real Dixieland Book,276
Red Sails In The Sunset,the Real Dixieland Book,278
Riverboat Shuffle,the Real Dixieland Book,280
Rockin' Chair,the Real Dixieland Book,282
Rose Of Washington Square,the Real Dixieland Book,284
Rose Room,the Real Dixieland Book,286
Roses Of Picardy,the Real Dixieland Book,288
Rosetta,the Real Dixieland Book,289
Royal Garden Blues,the Real Dixieland Book,290
Runnin' Wild,the Real Dixieland Book,292
Sailing Down The Chesapeake Bay,the Real Dixieland Book,294
Saint James Infirmary,the Real Dixieland Book,291
St. Louis Blues,the Real Dixieland Book,296
San,the Real Dixieland Book,298
Shake That Thing,the Real Dixieland Book,299
She's Funny That Way,the Real Dixieland Book,300
The Sheik Of Araby,the Real Dixieland Book,302
Shine,the Real Dixieland Book,301
Shreveport Stomps,the Real Dixieland Book,304
Sidewalk Blues,the Real Dixieland Book,306
Singin' The Blues Till My Daddy Comes Home,the Real Dixieland Book,308
Smile,the Real Dixieland Book,309
Smiles,the Real Dixieland Book,310
Some Of These Days,the Real Dixieland Book,311
Some Body Loves Me,the Real Dixieland Book,312
Somebody Stole My Gal,the Real Dixieland Book,313
Some Day You'll Be Sorry,the Real Dixieland Book,314
S'Posin',the Real Dixieland Book,316
Squeeze Me,the Real Dixieland Book,318
Stealin' Apples,the Real Dixieland Book,319
Stompin' At The Savoy,the Real Dixieland Book,320
Strut Miss Lizzie,the Real Dixieland Book,321
Struttin' With Some Barbecue,the Real Dixieland Book,322
Sweet Sue-Just You,the Real Dixieland Book,323
Swing That Music,the Real Dixieland Book,324
'Tain't Nobody's Business If I Do,the Real Dixieland Book,325
That Da-Da Strain,the Real Dixieland Book,326
That's A Plenty,the Real Dixieland Book,327
There'll Be Some Changes Made,the Real Dixieland Book,330
There'll Come A Time When You'll Need Me,the Real Dixieland Book,332
Thou Swell,the Real Dixieland Book,333
Three Little Words,the Real Dixieland Book,334
Tiger Rag (Hold That Tiger),the Real Dixieland Book,336
Tin Roof Blues,the Real Dixieland Book,335
Tishomingo Blues,the Real Dixieland Book,338
Tuck Me To Sleep In My Old Kentucky Home,the Real Dixieland Book,340
Twelfth Street Rag,Real Dixieland Book,341
Twelfth Street Rag (Dixieland Version),the Real Dixieland Book,342
Undecided,the Real Dixieland Book,344
Wabash Blues,the Real Dixieland Book,346
Walkin' My Baby Back Home,the Real Dixieland Book,348
The Wang Wang Blues,the Real Dixieland Book,350
Washington And Lee Swing,the Real Dixieland Book,343
Way Down Yonder In New Orleans (and Way Down Yonder In New Orleans),the Real Dixieland Book,352
Weary Blues,the Real Dixieland Book,353
West End Blues,the Real Dixieland Book,354
When It's Sleepy Time Down South,the Real Dixieland Book,356
When My Baby Smiles At Me,the Real Dixieland Book,355
When My Sugar Walks Down The Street,the Real Dixieland Book,358
When The Saints Go Marching In,the Real Dixieland Book,360
When You're Smiling (The Whole World Smiles With You),the Real Dixieland Book,376
Where Did Robinson Crusoe Go With Friday On Saturday Night?,the Real Dixieland Book,362
Whispering,the Real Dixieland Book,364
Wild Cherries,the Real Dixieland Book,366
Wolverine Blues,the Real Dixieland Book,368
The World Is Waiting For The Sunrise,the Real Dixieland Book,370
Wrap Your Troubles In Dreams (And Dream Your Troubles Away),the Real Dixieland Book,372
Yellow Dog Blues,the Real Dixieland Book,374
You Always Hurt The One You Love,the Real Dixieland Book,371
You Can Depend On Me,the Real Dixieland Book,376
You Took Advantage Of Me,the Real Dixieland Book,377
You're The Cream In My Coffee,the Real Dixieland Book,378
