12-4 2-4/Duplicities,the Real Book I,141
502 Blues,the Real Book I,166
African Flower,the Real Book I,21
Afro Blue,the Real Book I,22
Afternoon In Paris,the Real Book I,23
Airegin,the Real Book I,24
Alfie,the Real Book I,498
Alice In Wonderland,the Real Book I,25
All Blues,the Real Book I,26
All In Love Is Fair,the Real Book I,27
All My Tomorrows,the Real Book I,28
All Of Me,the Real Book I,29
All Of You,the Real Book I,30
All The Things You Are,the Real Book I,31
Alone Together,the Real Book I,32
Ana Maria,the Real Book I,33
And Now The Queen,the Real Book I,35
And On The Third Day,the Real Book I,36
Angel Eyes,the Real Book I,37
Anthropology,the Real Book I,38
April In Paris,the Real Book I,39
April Joy,the Real Book I,40
Arise Her Eyes,the Real Book I,41
Armageddon,the Real Book I,43
Around Again,the Real Book I,35
As Time Goes By,the Real Book I,44
Au Privave,the Real Book I,45
Autumn In New York,the Real Book I,46
Autumn Leaves,the Real Book I,49
Ay Arriba!,the Real Book I,47
Ballet,the Real Book I,50
Batterie,the Real Book I,51
Beautiful Love,the Real Book I,52
Beauty And The Blast,the Real Book I,53
Beneath It All,the Real Book I,54
Bessie's Blues,the Real Book I,55
Bewitched,the Real Book I,56
Big Nick,the Real Book I,57
Bitter Suite In The Ozone,the Real Book I,58
Black Diamond,the Real Book I,59
Black Monday,the Real Book I,499
Black Narcissus,the Real Book I,60
Black Nile,the Real Book I,61
Black Orpheus,the Real Book I,62
Blessed Relief,the Real Book I,63
Blue Bossa,the Real Book I,64
Blue Comedy,the Real Book I,65
Blue In Green,the Real Book I,66
Blue Monk,the Real Book I,67
Blue Room,the Real Book I,68
Blue Train,the Real Book I,71
Blues For Alice,the Real Book I,70
Bluesette,the Real Book I,69
Body And Soul,the Real Book I,72
Boplicity,the Real Book I,73
Boston Marathon,the Real Book I,74
Brainville,the Real Book I,75
Bright Size Life,the Real Book I,77
Broadway Blues,the Real Book I,78
Brownout,the Real Book I,79
But Beautiful,the Real Book I,80
Butterfly,the Real Book I,81
Call For All Demons,the Real Book I,14
Canyon Song,the Real Book I,85
Captain Marvel,the Real Book I,83
Central Park West,the Real Book I,169
Ceora,the Real Book I,86
Chega De Saudade,the Real Book I,87
Chelsea Bells,the Real Book I,89
Chelsea Bridge,the Real Book I,90
Cherokee,the Real Book I,91
Chicken Feathers,the Real Book I,92
Child Is Born,the Real Book I,15
Children's Song,the Real Book I,93
Chippie,the Real Book I,98
Colors Of Chloe,the Real Book I,95
Come Sunday,the Real Book I,101
Como En Vietnam,the Real Book I,99
Con Alma,the Real Book I,102
Conception,the Real Book I,103
Conference Of The Birds,the Real Book I,104
Confirmation,the Real Book I,105
Contemplation,the Real Book I,500
Coral,the Real Book I,106
Corcovado,the Real Book I,107
Cottontail,the Real Book I,108
Could It Be You,the Real Book I,109
Countdown,the Real Book I,110
Country Roads,the Real Book I,111
Crescent,the Real Book I,112
Crystal Silence,the Real Book I,113
Daahoud,the Real Book I,114
Dancing On The Ceiling,the Real Book I,115
Darn That Dream,the Real Book I,116
Day Waves,the Real Book I,119
Days And Nights Waiting,the Real Book I,117
Days Of Wine And Roses,the Real Book I,118
De Pois De Amor O Vazio,the Real Book I,123
Dear Old Stockholm,the Real Book I,121
Dearly Beloved,the Real Book I,120
Delores,the Real Book I,122
Deluge,the Real Book I,129
Desafinado,the Real Book I,125
Desert Air,the Real Book I,127
Dexterity,the Real Book I,130
Django,the Real Book I,133
Doin' The Pig,the Real Book I,131
Dolphin Dance,the Real Book I,135
Dolphin The,the Real Book I,134
Domino Biscuit,the Real Book I,136
Don't Blame Me,the Real Book I,138
Don't Get Around Much Anymore,the Real Book I,139
Donna Lee,the Real Book I,137
Duke The,the Real Book I,140
E.S.P.,the Real Book I,154
Easy Living,the Real Book I,142
Easy To Love,the Real Book I,143
Ecclusiastics,the Real Book I,144
Eiderdown,the Real Book I,145
Eighty One,the Real Book I,147
El Gaucho,the Real Book I,148
Elizete,the Real Book I,149
Empathy,the Real Book I,150
Epistrophy,the Real Book I,151
Equinox,the Real Book I,152
Equipoise,the Real Book I,153
Exercise #3,the Real Book I,155
Exercise #6,the Real Book I,156
Fables Of Faubus,the Real Book I,157
Fall,the Real Book I,159
Falling Grace,the Real Book I,160
Falling In Love With Love,the Real Book I,161
Family Joy,the Real Book I,17
Fee-Fi-Fo-Fum,the Real Book I,162
Feelings And Things,the Real Book I,163
Fields We Know(The),the Real Book I,164
Fine Romance,the Real Book I,16
Five Hundred Miles High,the Real Book I,165
Flags,the Real Book I,169
Foggy Day,the Real Book I,19
Follow Your Heart,the Real Book I,167
Footprints,the Real Book I,170
For Heavens Sake,the Real Book I,172
Forest Flower,the Real Book I,171
Fortune Smiles,the Real Book I,173
Four,the Real Book I,174
Four On Six,the Real Book I,175
Four Winds,the Real Book I,176
Freddie The Freeloader,the Real Book I,177
Freedom Jazz Dance,the Real Book I,178
Gary's Waltz,the Real Book I,179
Gemini,the Real Book I,180
General Mojo's Well Laid Plan,the Real Book I,181
Gentle Rain,the Real Book I,182
Giant Steps,the Real Book I,183
Girl From Ipanema,the Real Book I,184
Gloria's Step,the Real Book I,185
God Bless The Child,the Real Book I,186
Golden Lady,the Real Book I,187
Good Evening Mr. And Mrs.America,the Real Book I,189
Goodbye Porkpie Hat,the Real Book I,188
Grand Central,the Real Book I,191
Green Dolphin Street,the Real Book I,192
Green Mountains,the Real Book I,193
Groovin' High,the Real Book I,194
Grow Your Own,the Real Book I,195
Half Nelson,the Real Book I,197
Hassan's Dream,the Real Book I,198
Have You Met Miss Jones,the Real Book I,199
Heaven,the Real Book I,200
Hello Young Lovers,the Real Book I,201
Henninger Flats,the Real Book I,203
Here's That Rainy Day,the Real Book I,204
Herzog,the Real Book I,205
Hey There,the Real Book I,207
Hold Out Your Hand,the Real Book I,208
Hotel Hello,the Real Book I,211
Hotel Overture,the Real Book I,209
Hotel Vamp,the Real Book I,210
House Of Jade,the Real Book I,214
How High The Moon,the Real Book I,215
How Insensitive,the Real Book I,216
How My Heart Sings,the Real Book I,217
Hullo Bolinas,the Real Book I,218
I Can't Get Started,the Real Book I,221
I Could Write A Book,the Real Book I,222
I Got It Bad,the Real Book I,226
I Let A Song Go Out Of My Heart,the Real Book I,227
I Love You,the Real Book I,228
I Mean You,the Real Book I,232
I Remember Clifford,the Real Book I,248
I Should Care,the Real Book I,250
I'll Remember April,the Real Book I,231
I'm Afraid,the Real Book I,503
I'm All Smiles,the Real Book I,229
I'm Your Pal,the Real Book I,234
Icarus,the Real Book I,219
Ictus,the Real Book I,51
Ida Lupino,the Real Book I,223
If You Never Come To Me,the Real Book I,225
Impressions,the Real Book I,233
In A Mellow Tone,the Real Book I,235
In A Sentimental Mood,the Real Book I,236
In Your Own Sweet Way,the Real Book I,245
In Your Quiet Place,the Real Book I,246
Inchworm,the Real Book I,237
Indian Lady,the Real Book I,238
Inner Urge,the Real Book I,242
Inside In,the Real Book I,239
Interplay,the Real Book I,243
Intrepid Fox,the Real Book I,244
Invitation,the Real Book I,247
Iris,the Real Book I,249
Isn't It Romantic,the Real Book I,251
Isotope,the Real Book I,252
Israel,the Real Book I,253
It Don't Mean A Thing,the Real Book I,254
It's A Raggy Waltz,the Real Book I,255
Jelly Roll,the Real Book I,256
Jinrikisha,the Real Book I,257
Jordu,the Real Book I,258
Journey To Recife,the Real Book I,259
Joy Spring,the Real Book I,260
Jump Monk,the Real Book I,263
June 15th 1967,the Real Book I,265
Just Friends,the Real Book I,262
Kelo,the Real Book I,502
La Fiesta,the Real Book I,267
Lady Bird,the Real Book I,269
Lament,the Real Book I,270
Las Vegas Tango,the Real Book I,271
Lazy Bird,the Real Book I,272
Leroy The Magician,the Real Book I,273
Lie Awake,the Real Book I,274
Like Someone In Love,the Real Book I,275
Limehouse Blues,the Real Book I,276
Litha,the Real Book I,277
Little B's Poem,the Real Book I,279
Little Niles,the Real Book I,280
Little Waltz,the Real Book I,283
Liturgy,the Real Book I,281
Long Ago And Far Away,the Real Book I,285
Long As You Know You're  Living Yours,the Real Book I,284
Lonnie's Lament,the Real Book I,286
Look To The Sky,the Real Book I,287
Looking Back,the Real Book I,288
Lucky Southern,the Real Book I,289
Lullaby Of Birdland,the Real Book I,290
Lush Life,the Real Book I,291
Magician In You The,the Real Book I,293
Maiden Voyage,the Real Book I,294
Majoong,the Real Book I,299
Mallet Man,the Real Book I,295
Man In The Green Shirt,the Real Book I,297
May Dance,the Real Book I,300
Meditation,the Real Book I,301
Memories Of Tomorrow,the Real Book I,302
Memphis Underground,the Real Book I,318
Mevlevia,the Real Book I,303
Michelle,the Real Book I,305
Midnight Mood,the Real Book I,306
Milano,the Real Book I,307
Minority,the Real Book I,308
Misty,the Real Book I,309
Miyako,the Real Book I,310
Molten Glass,the Real Book I,311
Moment's Notice,the Real Book I,312
Montage,the Real Book I,313
Mood Indigo,the Real Book I,314
Moon Germs,the Real Book I,315
Moonchild,the Real Book I,106
More I See You(The),the Real Book I,316
Mother Of The Dead Man,the Real Book I,317
Mr. Jin,the Real Book I,504
Mr. P.C.,the Real Book I,318
My Favorite Things,the Real Book I,319
My Foolish Heart,the Real Book I,320
My Funny Valentine,the Real Book I,321
My Little Boat,the Real Book I,322
My One And Only Love,the Real Book I,323
My Romance,the Real Book I,324
My Ship,the Real Book I,327
Mysterious Traveler,the Real Book I,325
Naima,the Real Book I,328
Nardis,the Real Book I,329
Nefertiti,the Real Book I,330
Never Will I Marry,the Real Book I,331
Nica's Dream,the Real Book I,332
Night And Day,the Real Book I,333
Night Dreamer,the Real Book I,334
Night Has A Thousand Eyes,the Real Book I,335
Night In Tunisia(A),the Real Book I,20
Nimbus,the Real Book I,336
Nonsequence,the Real Book I,337
Nostalgia In Times Square,the Real Book I,339
Oleo,the Real Book I,340
Olhos De Gato,the Real Book I,341
Olinoqui Valley,the Real Book I,505
Once I Loved,the Real Book I,342
One Finger Snap,the Real Book I,343
One Note Samba,the Real Book I,344
Open Your Eyes You Can Fly,the Real Book I,345
Orbits,the Real Book I,347
Ornithology,the Real Book I,348
Out Of Nowhere,the Real Book I,349
Passion Dance,the Real Book I,350
Peace,the Real Book I,353
Peaches En Regalia,the Real Book I,351
Pearlie's Swine,the Real Book I,354
Pee Wee,the Real Book I,355
Peggy's Blue Skylight,the Real Book I,356
Pensativa,the Real Book I,357
Pent-Up House,the Real Book I,359
Perfect Love,the Real Book I,507
Peri's Scope,the Real Book I,360
Pfrancing (No Blues),the Real Book I,361
Pinocchio,the Real Book I,362
Pithycanthropus Erectus,the Real Book I,363
Plain Jane,the Real Book I,506
Played Twice,the Real Book I,364
Portsmouth Figurations,the Real Book I,365
Prelude To A Kiss,the Real Book I,366
Prince Of Darkness,the Real Book I,367
Pussy Cat Dues,the Real Book I,368
Quiet Now,the Real Book I,369
Raven (The),the Real Book I,370
Real Guitarist,the Real Book I,371
Recordame,the Real Book I,372
Red Clay,the Real Book I,375
Reflections,the Real Book I,508
Reincarnation Of A Lovebird,the Real Book I,373
Resolution,the Real Book I,376
Road Song,the Real Book I,509
Round Midnight,the Real Book I,377
Saga Of Harrison Crabpeathers,the Real Book I,378
Same Shame,the Real Book I,379
Satin Doll,the Real Book I,380
Scotch 'N' Soda,the Real Book I,381
Scrapple From The Apple,the Real Book I,382
Sea Journey,the Real Book I,383
Self Portrait In 3 Colors,the Real Book I,385
Semblence,the Real Book I,386
Senor Mouse,the Real Book I,387
Serenade To A Cuckoo,the Real Book I,390
Seven Come Eleven,the Real Book I,391
Seven Steps To Heaven,the Real Book I,392
Shades Of Light,the Real Book I,393
Shadow Of Your Smile,the Real Book I,394
Sidewinder,the Real Book I,395
Sing Me Softly Of The Blues,the Real Book I,396
Skating In Central Park,the Real Book I,397
Slowly Gone Bygone,the Real Book I,398
So What,the Real Book I,412
Solar,the Real Book I,399
Solitude,the Real Book I,400
Some Other Time,the Real Book I,402
Some Skunk Funk,the Real Book I,403
Someday My Prince Will Come,the Real Book I,401
Sometime Ago,the Real Book I,405
Son Of Mr. Green Genes,the Real Book I,409
Song,the Real Book I,406
Song For My Father,the Real Book I,407
Song Is You,the Real Book I,408
Sophisticated Lady,the Real Book I,410
Sorcerer,the Real Book I,411
Space Circus Part 1,the Real Book I,413
Space Circus Part 2,the Real Book I,415
Speak No Evil,the Real Book I,417
Spiral Dance,the Real Book I,418
Spring Is Here,the Real Book I,419
Star-Crossed Lovers,the Real Book I,420
Stella By Starlight,the Real Book I,421
Steps,the Real Book I,422
Stolen Moments,the Real Book I,423
Stompin' At The Savoy,the Real Book I,424
Straight No Chaser,the Real Book I,425
Stuff,the Real Book I,426
Sugar,the Real Book I,427
Summer Samba,the Real Book I,428
Swedish Pastry,the Real Book I,429
Sweeping Up,the Real Book I,213
Sweet Georgia Bright,the Real Book I,430
Sweet Henry,the Real Book I,431
Sweet Rain,the Real Book I,432
Take Five,the Real Book I,433
Take The "A" Train,the Real Book I,434
Tame Thy Pen,the Real Book I,435
Tell Me A Bedtime Story,the Real Book I,437
The Disguise The Sphinx,the Real Book I,501
There Is No Greater Love,the Real Book I,436
There Will Never Be Another You,the Real Book I,439
They Can't Take That Away From Me,the Real Book I,440
Think On Me,the Real Book I,441
Three Flowers,the Real Book I,442
Time Remembered,the Real Book I,445
Tones For Joan's Bones,the Real Book I,443
Tough Talk,the Real Book I,446
Train Samba,the Real Book I,447
Trance,the Real Book I,448
Triste,the Real Book I,449
Tune-Up,the Real Book I,450
Turn Out The Stars,the Real Book I,451
Unquity Road,the Real Book I,452
Up Jumped Spring,the Real Book I,453
Upper Manhattan Medical Group,the Real Book I,454
Valse Hot,the Real Book I,510
Vashkar,the Real Book I,455
Very Early,the Real Book I,456
Virgo,the Real Book I,457
Wait Till You See Her,the Real Book I,458
Walkin',the Real Book I,459
Walter L.,the Real Book I,460
Waltz,the Real Book I,461
Waltz For A Lovely Wife,the Real Book I,462
Waltz For Derby,the Real Book I,463
Waltzin',the Real Book I,464
Wave,the Real Book I,465
We'll Be Together Again,the Real Book I,466
Well You Needn't,the Real Book I,467
West Coast Blues,the Real Book I,468
What Am I Here For,the Real Book I,469
What Are You Doing The Rest Of Your Life,the Real Book I,470
What Is This Thing Love,the Real Book I,473
What Was,the Real Book I,471
When I Fall In Love,the Real Book I,474
When Sunny Gets Blue,the Real Book I,475
Where Are You,the Real Book I,476
Wild Flower,the Real Book I,477
Windows,the Real Book I,479
Wings Of Karma,the Real Book I,481
Witch Hunt,the Real Book I,482
Woody'n You,the Real Book I,483
Yes Or No,the Real Book I,484
Yesterday,the Real Book I,485
Yesterdays,the Real Book I,486
You Are The Sunshine Of My Life,the Real Book I,487
You Are Too Beautiful,the Real Book I,488
You Don't Know What Love Is,the Real Book I,489
You Took Advantage Of Me,the Real Book I,490
