Lookin' For Love,the Book,14
New York  New York,the Book,15
Fame,the Book,16
Tomorrow,the Book,17
After The Lovin',the Book,18
I Don't Need Anything'But You,the Book,19
You're Never Fully Dressed Without A Smile,the Book,20
Best Is Yet To Come,the Book,21
If I Ever Would Leave You,the Book,23
I'll Remember April,the Book,24
Tie A Yellow Ribbon,the Book,25
Here's That Rainy Day,the Book,27
Wine And Roses,the Book,28
Shadow Of Your Smile  The,the Book,29
Till There Was You,the Book,30
Everlasting Love,the Book,31
Best That You Can Do,the Book,32
Theme From Arthur,the Book,32
All Of You,the Book,33
I Could Write A Book,the Book,34
Believe It Or Not,the Book,35
Theme From The Greastest American Hero,the Book,35
My Romance,the Book,37
Dancing On The Ceiling,the Book,38
Stompin' At The Savoy,the Book,39
Mr  Wonderful,the Book,40
You're Nobody Till Somebody Love You,the Book,41
Second Time Around  The,the Book,42
I Wish You Love,the Book,43
Taking A Chance On Love,the Book,44
Elvira,the Book,45
They're Playing My Song,the Book,47
Lullaby Of Birdland,the Book,49
Fine Romance  A,the Book,50
Object Of My Affection,the Book,51
September Song,the Book,52
If I Had You,the Book,53
Walkin' My Way Back Home,the Book,54
I Only Have Eyes For You,the Book,55
Rise,the Book,56
April In Paris,the Book,57
All The Things You Are,the Book,58
Party's Over  The,the Book,59
All Of Me,the Book,60
Stella By Starlight,the Book,61
What Is This Thing Called Love,the Book,62
Just The Way You Are,the Book,63
Halleluja,the Book,65
Magic Is The Moonlight,the Book,67
Somewhere My Love,the Book,67
Gone With The Wind,the Book,68
It Had To Be You,the Book,69
Climb Ev'ry Mountain,the Book,70
Moon Over Miami,the Book,71
More,the Book,72
Celebration,the Book,73
When I Fall In Love,the Book,75
As Long As He Needs Me,the Book,76
I've Grown Accustomed To Her Face,the Book,77
Sound Of Music  The,the Book,78
Everybody Loves Somebody,the Book,79
On A Clear Day,the Book,80
You Steppen Out Of A Dream,the Book,81
Have You Met Miss Jones,the Book,82
There Will Never Be Another You,the Book,83
Macho Man,the Book,84
Hot Stuff,the Book,85
Spring Is Here,the Book,87
I Don't Know Why,the Book,88
There I've Said It Again,the Book,89
This Love Of Mine,the Book,90
That Old Feeling,the Book,91
Peg O' My Heart,the Book,92
Linda,the Book,93
You'll Never Know,the Book,94
So Rare,the Book,95
They Say That Falling In Love is Wonderful,the Book,96
My Life,the Book,97
I Will Survie,the Book,99
In The Navy,the Book,100
Smile,the Book,101
For All We Know,the Book,102
As Time Goes By,the Book,103
I'll Never Smile Again,the Book,104
I'll Get By,the Book,105
Carolina In The Moring,the Book,106
Gimme A Little Kiss,the Book,107
Honey,the Book,108
Shine On Harvest Moon,the Book,109
Make Believe,the Book,110
Why Do I Love You,the Book,111
Evergreen,the Book,112
Isn't She Lovely,the Book,113
Suicide Is Painless,the Book,114
Theme From M.A S H,the Book,114
What I Did For Love,the Book,115
What Are You Doing The Rest Of Life,the Book,116
Misty,the Book,117
Way We Were  The....,the Book,118
San Francisco,the Book,119
Speak Softly,the Book,120
Endless Love,the Book,121
One In A Million,the Book,123
Theme From Ice Castles,the Book,125
Star Dust,the Book,126
Tenderly,the Book,127
Sentimental Journey,the Book,128
My Funny Valentine,the Book,129
Deja Vu,the Book,130
I Need Your Help,the Book,131
Colour My World,the Book,132
You Made Me Love You,the Book,133
Makin' Whoopee,the Book,134
Up The Lazy River,the Book,135
Love Is A Many Splendered Thing,the Book,136
Still,the Book,137
Nobody Does It Better,the Book,139
Little Girl Blue,the Book,140
Nearness Of You  The,the Book,141
Moonlight In Vermont,the Book,142
Whats New,the Book,143
When Sunny Gets Blue,the Book,144
Autumn In New York,the Book,145
Body And Soul,the Book,146
YMCA,the Book,147
Feelings,the Book,148
Gypsy Rose,the Book,149
One,the Book,150
Sing,the Book,152
Put On A Happy Face,the Book,153
So What's New,the Book,154
Somethings Gotta Give,the Book,155
Lot Of Livin' To Do  A,the Book,156
Could Be The Start Of Something Big,the Book,157
Hello Dolly,the Book,158
Mame,the Book,159
On The Road Again,the Book,160
Drivin' My Life Away,the Book,161
Cabaret,the Book,162
Wilkommen,the Book,163
Too Close For Comfort,the Book,164
On The Street Where You Live,the Book,165
I Could Have Danced All Night,the Book,166
It's A Lovely Day Today,the Book,167
Sweetest Sounds  The,the Book,168
No Strings,the Book,169
Steady-Steady.,the Book,170
Witchcraft,the Book,171
Make Someone Happy.,the Book,172
Just In Time,the Book,173
Get Me To Church On Time,the Book,174
Love,the Book,175
But Not For Me,the Book,176
Mack The Knife,the Book,177
Oh Babe,the Book,178
Applause,the Book,179
Ring My Bell,the Book,180
Kids,the Book,182
Lady Is A Tramp  The,the Book,183
I'd Do Anything,the Book,184
Do Re Mi,the Book,185
Always True To My Fashion,the Book,186
S'Wonderful,the Book,187
Red Roses For A Blue Lady,the Book,188
One Of Those Songs,the Book,189
Chicago,the Book,190
Hustle  The,the Book,191
Rhinestone Cowboy,the Book,193
I Won't Dance,the Book,194
Anything Goes,the Book,195
If My Friends Could See Me Now,the Book,196
Shall We Dance,the Book,197
Thou Swell,the Book,198
Cheek To Cheek,the Book,199
It's All Right With Me,the Book,200
Continental  The,the Book,201
Crazy Rhythm,the Book,203
Fascinating Rhythm,the Book,204
You're The Top,the Book,205
It's Delovely,the Book,206
Almost Like Being In Love,the Book,207
Sunny,the Book,208
Say It With Music,the Book,209
Best Things In Life Are Free,the Book,210
Night And Day,the Book,211
Rosetta,the Book,212
Just One Of Those Things,the Book,213
From This Moment On,the Book,214
It Only Takes A Moment,the Book,215
You Do Something To Me,the Book,216
So In Love,the Book,217
Ease On Down The Road,the Book,218
Oklahoma,the Book,220
People Will Say We're In Love,the Book,221
Bye Bye Blackbird,the Book,222
April Showers,the Book,223
Baby Face,the Book,225
Ain't She Sweet,the Book,226
Toot Toot Tootsie,the Book,226
If You Knew Suzie,the Book,227
Margie,the Book,228
I Want A Girl,the Book,229
Five Foot Two,the Book,230
Four Leaf Clover,the Book,231
You Are The Sunshine Of My Life,the Book,232
Music Goes "Round and 'Round,the Book,233
Tangerine,the Book,234
Foggy Day,the Book,236
I Get A Kick Out Of You,the Book,236
My Kind Of Town,the Book,237
Green Dolphin Street,the Book,238
Norwegian Wood,the Book,239
Yesterday,the Book,240
Michelle,the Book,241
And I Love Her,the Book,242
All My Loving,the Book,243
Eleanor Rigby,the Book,244
Day Tripper,the Book,245
Sgt. Peppers Lonely Hearts Club band,the Book,247
Eight Days A Week,the Book,249
Basic Rhythm  For Bossa Nova,the Book,250
Girl From Ipanema,the Book,251
Quiet Nights,the Book,253
Meditation,the Book,254
Wave,the Book,255
Watch What Happens,the Book,256
Orpheus,the Book,257
Recado,the Book,258
Desifinado,the Book,259
One Note Samba,the Book,260
Spanish Eyes,the Book,262
Basic Rhythm For Slow Rhumba(Bolero),the Book,263
Cuando Calienta el Sol,the Book,263
Yellow Days,the Book,264
Green Eyes,the Book,266
What A Difference A Day Made,the Book,267
Come Closer To Me,the Book,268
Sway,the Book,269
Basic Rhythm For Cha Cha,the Book,270
Never On Sunday,the Book,271
Poco Pelo,the Book,272
Vasilon,the Book,273
Guantanamera,the Book,274
Lesson In Cha Cha,the Book,275
Basic Rhythm For Merengue,the Book,276
Compadre Pedro Juan,the Book,277
El Negrito Del Batey,the Book,278
UniverSal,the Book,279
La Cruz,the Book,280
Tropical,the Book,281
Basic Rhythm For Samba,the Book,282
Brazil,the Book,283
Quando  Quando,the Book,285
Basic Rhythm  For Calypso,the Book,286
Yellow Bird,the Book,287
Matilda,the Book,288
Jamaica Farewell,the Book,289
Basic Rhythm For Tango,the Book,290
La Compasita,the Book,291
bericho Viejo,the Book,293
Basic Rhythm For Mambo,the Book,296
Adois Muchachos,the Book,295
C Mambo,the Book,297
Basic Rhythm For Paso Doble,the Book,298
Espana Cani,the Book,299
El Currito De La Cruz,the Book,301
El Relicario,the Book,303
Basic Rhythm For Hora,the Book,304
Hatikvoh,the Book,305
Hava Nagilah,the Book,306
Harmonika,the Book,307
Hevenu Shalom Alehem,the Book,307
Jerusalem Of Gold,the Book,308
Simka Dance,the Book,309
Ur'e Vonim,the Book,309
Kosatski,the Book,310
Too Life .e,the Book,311
If I Were A Rich Man,the Book,312
Fiddler On The Roof,the Book,313
Bashana,the Book,314
Simantov And Mazeltov,the Book,315
Romulus,the Book,316
Tzena Tzena,the Book,317
Do Di Li,the Book,318
Mayim Mayim,the Book,319
Getting Sentimental Over You,the Book,320
Ciribiribin,the Book,321
Man With A Horn,the Book,322
Cherokee,the Book,323
I Can't Get Started,the Book,324
Auld Lang Syne,the Book,325
We're All Alone,the Book,326
Copacabana,the Book,327
I Made' It Thru The Rain,the Book,329
Ships,the Book,331
Can't Smile Without You,the Book,333
Lonely Together,the Book,335
Looks Like We Made It,the Book,337
This One's For You,the Book,338
Weekend In New England,the Book,339
I Write The Songs,the Book,341
Santin Doll,the Book,343
Take The "A" Train,the Book,344
In A Mellow Tone,the Book,345
Prelude To A Kiss,the Book,346
I Let A Song Go Out Of My Heart,the Book,347
Sophisticated Lady,the Book,348
Solitude,the Book,349
In A Sentimental Mood,the Book,350
I Got It Bad,the Book,351
It Don't Mean A Thing,the Book,352
Mood Indigo,the Book,353
Cottontail,the Book,354
You Light Up My Life,the Book,355
Boy Next Door,the Book,356
Edelweiss,the Book,357
Bluesette,the Book,358
Tennessee Waltz,the Book,359
Love Makes The World Go 'Round,the Book,360
Fascination,the Book,361
Around The World,the Book,362
Try To Remember,the Book,363
Fly Me To The Moon,the Book,364
Always,the Book,365
Waltz You Saved For Me  The,the Book,366
Anniversary Waltz,the Book,367
Oh What A Beautiful Morning,the Book,368
Anniversary Song,the Book,369
Sunrise Sunset,the Book,370
Matchmaker,the Book,371
Moonlight Serenade,the Book,372
String Of Pearls,the Book,374
In The Mood,the Book,375
Chattanooga Choo Choo,the Book,377
Tuxedo Juncition,the Book,379
Little Brown Jug,the Book,381
American Patrol,the Book,383
And The Angels Sing,the Book,385
For The Good Times,the Book,387
Take Me Home  Country Roads,the Book,388
Make The World Go Away,the Book,389
Release Me,the Book,390
Anytime,the Book,391
Ramblin' Rose,the Book,392
San Antonio Rose,the Book,393
Okie From Muskogee,the Book,394
King Of The Road,the Book,395
Charleston,the Book,396
Muskat Ramble,the Book,397
Twelfth Street Rag,the Book,399
When The Saints Go Marching In,the Book,401
Back Home In  Indiana,the Book,402
Sweet Georgia Brown,the Book,403
Alexanders Ragtime Band,the Book,404
Bill Bailey,the Book,405
Java,the Book,406
Do You Know What It Means To Miss New Orleans,the Book,407
Way Down Yonder In New Orleans,the Book,407
Basin Street Blues,the Book,409
Alley Cat,the Book,410
Hokey Pokey,the Book,411
Night Train,the Book,412
Song Of The Flame,the Book,413
Colonel Bogey,the Book,414
Mendelssohn's Wedding March,the Book,415
Here Comes The Bride,the Book,416
Pennsylvania Polka,the Book,417
Pennsylvania 6-5000,the Book,417
Beer Barrel Polka,the Book,420
Clarinet Polka,the Book,420
Domino Polka,the Book,421
Too Fat Polka,the Book,421
Krakoviak,the Book,422
I Love Paris,the Book,423
C'est Magnifique,the Book,424
Poor People Of Paris,the Book,425
M' Lord,the Book,426
Night They Invented Champagne,the Book,427
Autumn Leaves,the Book,428
La Vien Rose,the Book,429
La Mer,the Book,430
J'Attendrai,the Book,431
Ca  C'est L'Amour,the Book,432
Say Si Bon,the Book,433
Under Paris Skies,the Book,435
Pigalle,the Book,437
Allez Vous En,the Book,439
Dixie,the Book,440
Yankee Doodle Dandy,the Book,441
It's A Grand Old Flag,the Book,442
Hey Look Me Over,the Book,443
Lichenstein Polka,the Book,444
Du Du Liegst Min In Herzen,the Book,445
Trink  Trink Brudevlein Trink.,the Book,445
In Munchen Steht ein Hofbrau Haug,the Book,446
Das Ganze Haus 1st Schief,the Book,447
Kornblumen Blau,the Book,449
Schon ist die Liebe im Hafen,the Book,451
Deutschmeister Regiments Marsch,the Book,453
Wo Die Nordsee Wellen,the Book,455
Auf Der Reeperbuhn Nachts um Hulb eins,the Book,456
Arrivederci Roma,the Book,457
Mala Femmena,the Book,458
Volare,the Book,460
Al Di La,the Book,459
Ciao  Ciao Bambino,the Book,461
Torno A. Surriento,the Book,462
O Solo Mio,the Book,463
Vieni Sul Mar,the Book,464
Santa Lucia,the Book,466
Ah  Marie,the Book,465
La Spagriola,the Book,467
Tra Veglia e Sonno,the Book,468
La Napoletana,the Book,469
Quadrighia,the Book,470
Tarantella,the Book,471
Misirlou,the Book,472
Mustapha,the Book,473
Uska Dara,the Book,474
Sirtos,the Book,475
Katinaki,the Book,476
Myptia,the Book,477
Evangelina,the Book,478
Sirto,the Book,480
Ta Matia,the Book,482
When Irish Eyes Are Smiling,the Book,483
My Wild Irish Rose,the Book,484
Daughter Of Rosie O'Grady,the Book,485
Danny Boy,the Book,486
Too-Ra-Loo-Ra-Loo-Ra,the Book,487
Wearing Of The Green,the Book,488
St. Patricks Day Jig,the Book,489
Irish Washerwoman,the Book,490
It's The Same Old Shillelagh,the Book,491
MacNamara's Band,the Book,492
It's A Great Day For The Irish,the Book,493
My Tani,the Book,494
Red Sails In The Sunset,the Book,495
Keep Your Eyes On The Hands,the Book,496
Little Brown Gal,the Book,498
Hook-I-Lau,the Book,499
Lovely Hula Hands,the Book,500
My Little Grass Shack,the Book,501
Song Of The Islands,the Book,502
Hawaiian Wedding Song,the Book,504
Moon Of Manakoora  The,the Book,505
Wunderbar,the Book,506
Tales From Vienna Woods,the Book,507
Artists Life,the Book,509
Beyond The Reef,the Book,509
Heart Beats In 3/4 Time,the Book,511
Emperor Waltz,the Book,512
Vienna Dreams,the Book,513
